restaurant_key,restaurant google map url,address,coordinates
Akuma USA,https://maps.google.com/?cid=2595498613213003003&g_mp=Cidnb29nbGUubWFwcy5wbGFjZXMudjEuUGxhY2VzLlNlYXJjaFRleHQQAhgEIAA,"8267 Santa Monica Blvd, West Hollywood, CA 90046, USA","34.0911687,-118.3694558"
Badmaash USA,https://maps.google.com/?cid=6203232972313248096&g_mp=Cidnb29nbGUubWFwcy5wbGFjZXMudjEuUGxhY2VzLlNlYXJjaFRleHQQAhgEIAA,"108 W 2nd St APT 104, Los Angeles, CA 90012, USA","34.0510122,-118.2450272"
Bao Dim Sum USA,https://maps.google.com/?cid=4944968511888131955&g_mp=Cidnb29nbGUubWFwcy5wbGFjZXMudjEuUGxhY2VzLlNlYXJjaFRleHQQAhgEIAA,"8256 Beverly Blvd, Los Angeles, CA 90048, USA","34.0758449,-118.369864"
Bar Lubitsch USA,https://maps.google.com/?cid=14816937346540407807&g_mp=Cidnb29nbGUubWFwcy5wbGFjZXMudjEuUGxhY2VzLlNlYXJjaFRleHQQAhgEIAA,"7702 Santa Monica Blvd, West Hollywood, CA 90046, USA","34.0906215,-118.3567951"
Barney's Beanery USA,https://maps.google.com/?cid=3109210688223960768&g_mp=Cidnb29nbGUubWFwcy5wbGFjZXMudjEuUGxhY2VzLlNlYXJjaFRleHQQAhgEIAA,"8447 Santa Monica Blvd, West Hollywood, CA 90069, USA","34.0908561,-118.374658"
The Belmont USA,https://maps.google.com/?cid=5310394869457036678&g_mp=Cidnb29nbGUubWFwcy5wbGFjZXMudjEuUGxhY2VzLlNlYXJjaFRleHQQAhgEIAA,"747 N La Cienega Blvd, Los Angeles, CA 90069, USA","34.0848984,-118.3764756"
Blue Collar USA,https://maps.google.com/?cid=2445152445501683697&g_mp=Cidnb29nbGUubWFwcy5wbGFjZXMudjEuUGxhY2VzLlNlYXJjaFRleHQQAhgEIAA,"361 S Fairfax Ave, Los Angeles, CA 90036, USA","34.0704064,-118.3616378"
Blue Daisy - Palihotel USA,https://maps.google.com/?cid=11889625348572158033&g_mp=Cidnb29nbGUubWFwcy5wbGFjZXMudjEuUGxhY2VzLlNlYXJjaFRleHQQAhgEIAA,"7950 Melrose Ave, Los Angeles, CA 90046, USA","34.0836191,-118.3628528"
Chao Krung USA,https://maps.google.com/?cid=17673482243836998847&g_mp=Cidnb29nbGUubWFwcy5wbGFjZXMudjEuUGxhY2VzLlNlYXJjaFRleHQQAhgEIAA,"111 N Fairfax Ave, Los Angeles, CA 90036, USA","34.0747614,-118.3616963"
The Den USA,https://maps.google.com/?cid=2894987656518709206&g_mp=Cidnb29nbGUubWFwcy5wbGFjZXMudjEuUGxhY2VzLlNlYXJjaFRleHQQAhgEIAA,"8226 Sunset Blvd, West Hollywood, CA 90046, USA","34.0974728,-118.3682992"
El Carmen USA,https://maps.google.com/?cid=8755073309619719288&g_mp=Cidnb29nbGUubWFwcy5wbGFjZXMudjEuUGxhY2VzLlNlYXJjaFRleHQQAhgEIAA,"8138 W 3rd St, Los Angeles, CA 90048, USA","34.07212579999999,-118.3672645"
EP-LP USA,https://maps.google.com/?cid=704670832781504746&g_mp=Cidnb29nbGUubWFwcy5wbGFjZXMudjEuUGxhY2VzLlNlYXJjaFRleHQQAhgEIAA,"603 N La Cienega Blvd, West Hollywood, CA 90069, USA","34.0821636,-118.3767877"
Employees Only USA,https://maps.google.com/?cid=10568085337037402081&g_mp=Cidnb29nbGUubWFwcy5wbGFjZXMudjEuUGxhY2VzLlNlYXJjaFRleHQQAhgEIAA,"7953 Santa Monica Blvd, West Hollywood, CA 90046, USA","34.0910171,-118.3632014"
Formosa Cafe USA,https://maps.google.com/?cid=14682949317920149170&g_mp=Cidnb29nbGUubWFwcy5wbGFjZXMudjEuUGxhY2VzLlNlYXJjaFRleHQQAhgEIAA,"7156 Santa Monica Blvd, West Hollywood, CA 90046, USA","34.0903968,-118.3459515"
Gracias Madre USA,https://maps.google.com/?cid=16040271027876042526&g_mp=Cidnb29nbGUubWFwcy5wbGFjZXMudjEuUGxhY2VzLlNlYXJjaFRleHQQAhgEIAA,"8905 Melrose Ave, West Hollywood, CA 90069, USA","34.0810417,-118.3869706"
Harlowe USA,https://maps.google.com/?cid=11662087089393420580&g_mp=Cidnb29nbGUubWFwcy5wbGFjZXMudjEuUGxhY2VzLlNlYXJjaFRleHQQAhgEIAA,"7321 Santa Monica Blvd, West Hollywood, CA 90046, USA","34.0909814,-118.3494593"
The Henry USA,https://maps.google.com/?cid=10359485350366858713&g_mp=Cidnb29nbGUubWFwcy5wbGFjZXMudjEuUGxhY2VzLlNlYXJjaFRleHQQAhgEIAA,"120 N Robertson Blvd, Los Angeles, CA 90048, USA","34.0762489,-118.383221"
Hi-Tops USA,https://maps.google.com/?cid=4944047958818480040&g_mp=Cidnb29nbGUubWFwcy5wbGFjZXMudjEuUGxhY2VzLlNlYXJjaFRleHQQAhgEIAA,"1714 N Vermont Ave, Los Angeles, CA 90027, USA","34.1022363,-118.2914425"
Jones USA,https://maps.google.com/?cid=10057629126821585059&g_mp=Cidnb29nbGUubWFwcy5wbGFjZXMudjEuUGxhY2VzLlNlYXJjaFRleHQQAhgEIAA,"7205 Santa Monica Blvd, West Hollywood, CA 90046, USA","34.0908821,-118.3464231"
Kinari USA,https://maps.google.com/?cid=14077426528883217250&g_mp=Cidnb29nbGUubWFwcy5wbGFjZXMudjEuUGxhY2VzLlNlYXJjaFRleHQQAhgEIAA,"801 N Fairfax Ave, Los Angeles, CA 90046, USA","34.0856363,-118.3619568"
Laurel Hardware USA,https://maps.google.com/?cid=11980422767060992473&g_mp=Cidnb29nbGUubWFwcy5wbGFjZXMudjEuUGxhY2VzLlNlYXJjaFRleHQQAhgEIAA,"7984 Santa Monica Blvd, West Hollywood, CA 90046, USA","34.0906082,-118.3644347"
Las Perlas USA,https://maps.google.com/?cid=9931021046277700799&g_mp=Cidnb29nbGUubWFwcy5wbGFjZXMudjEuUGxhY2VzLlNlYXJjaFRleHQQAhgEIAA,"107 E 6th St, Los Angeles, CA 90014, USA","34.04509840000001,-118.2495126"
Madre USA,https://maps.google.com/?cid=9250984602494581104&g_mp=Cidnb29nbGUubWFwcy5wbGFjZXMudjEuUGxhY2VzLlNlYXJjaFRleHQQAhgEIAA,"801 N Fairfax Ave #101, Los Angeles, CA 90046, USA","34.0857457,-118.3616978"
Melrose Umbrella Co. USA,https://maps.google.com/?cid=11321764694019804244&g_mp=Cidnb29nbGUubWFwcy5wbGFjZXMudjEuUGxhY2VzLlNlYXJjaFRleHQQAhgEIAA,"7465 Melrose Ave, Los Angeles, CA 90046, USA","34.0838389,-118.3527123"
Mercado USA,https://maps.google.com/?cid=8969681078057852800&g_mp=Cidnb29nbGUubWFwcy5wbGFjZXMudjEuUGxhY2VzLlNlYXJjaFRleHQQAhgEIAA,"3425 1st St, Los Angeles, CA 90063, USA","34.0373337,-118.1936301"
Mr. Furleys W 3rd USA,https://maps.google.com/?cid=6434826667180136871&g_mp=Cidnb29nbGUubWFwcy5wbGFjZXMudjEuUGxhY2VzLlNlYXJjaFRleHQQAhgEIAA,"8445 W 3rd St, Los Angeles, CA 90048, USA","34.073418,-118.3747891"
OR Bar USA,https://maps.google.com/?cid=11872065185144145365&g_mp=Cidnb29nbGUubWFwcy5wbGFjZXMudjEuUGxhY2VzLlNlYXJjaFRleHQQAhgEIAA,"8228 Santa Monica Blvd, West Hollywood, CA 90046, USA","34.0905583,-118.3679036"
The Phoenix USA,https://maps.google.com/?cid=18390320676594090767&g_mp=Cidnb29nbGUubWFwcy5wbGFjZXMudjEuUGxhY2VzLlNlYXJjaFRleHQQAhgEIAA,"8480 W 3rd St, Los Angeles, CA 90048, USA","34.07308520000001,-118.3758821"
Phorage Weho USA,https://maps.google.com/?cid=5779342421658487379&g_mp=Cidnb29nbGUubWFwcy5wbGFjZXMudjEuUGxhY2VzLlNlYXJjaFRleHQQAhgEIAA,"7326 Santa Monica Blvd #10, Los Angeles, CA 90046, USA","34.0905595,-118.3495622"
Snake Pit Alehouse USA,https://maps.google.com/?cid=10183337500710009108&g_mp=Cidnb29nbGUubWFwcy5wbGFjZXMudjEuUGxhY2VzLlNlYXJjaFRleHQQAhgEIAA,"7529 Melrose Ave, Los Angeles, CA 90046, USA","34.0838042,-118.3541682"
Surly Goat USA,https://maps.google.com/?cid=14554943794334663828&g_mp=Cidnb29nbGUubWFwcy5wbGFjZXMudjEuUGxhY2VzLlNlYXJjaFRleHQQAhgEIAA,"7929 Santa Monica Blvd, West Hollywood, CA 90046, USA","34.0910744,-118.3626536"
Tacos Tu Madre USA,https://maps.google.com/?cid=8910599073140358487&g_mp=Cidnb29nbGUubWFwcy5wbGFjZXMudjEuUGxhY2VzLlNlYXJjaFRleHQQAhgEIAA,"1111 Hayworth Ave, Los Angeles, CA 90046, USA","34.0912616,-118.3632356"
The 3rd Stop USA,https://maps.google.com/?cid=17899689916626643444&g_mp=Cidnb29nbGUubWFwcy5wbGFjZXMudjEuUGxhY2VzLlNlYXJjaFRleHQQAhgEIAA,"8636 W 3rd St, Los Angeles, CA 90048, USA","34.0734089,-118.3808238"
Terroni USA,https://maps.google.com/?cid=16665993120947572306&g_mp=Cidnb29nbGUubWFwcy5wbGFjZXMudjEuUGxhY2VzLlNlYXJjaFRleHQQAhgEIAA,"7605 Beverly Blvd, Los Angeles, CA 90036, USA","34.0763627,-118.3555332"
33 Taps USA,https://maps.google.com/?cid=1429498327596697899&g_mp=Cidnb29nbGUubWFwcy5wbGFjZXMudjEuUGxhY2VzLlNlYXJjaFRleHQQAhgEIAA,"1240 S Figueroa St, Los Angeles, CA 90015, USA","34.0410951,-118.2670827"
Desert 5 USA,https://maps.google.com/?cid=17654792462149624194&g_mp=Cidnb29nbGUubWFwcy5wbGFjZXMudjEuUGxhY2VzLlNlYXJjaFRleHQQAhgEIAA,"6516 Selma Ave, Los Angeles, CA 90028, USA","34.0996487,-118.3317056"
Electric Owl USA,https://maps.google.com/?cid=18356242145920265311&g_mp=Cidnb29nbGUubWFwcy5wbGFjZXMudjEuUGxhY2VzLlNlYXJjaFRleHQQAhgEIAA,"1451 N Gardner St, West Hollywood, CA 90046, USA","34.0977076,-118.3530368"
Good Times at Davey Wayne's USA,https://maps.google.com/?cid=10037345221646604035&g_mp=Cidnb29nbGUubWFwcy5wbGFjZXMudjEuUGxhY2VzLlNlYXJjaFRleHQQAhgEIAA,"1611 N El Centro Ave, Los Angeles, CA 90028, USA","34.100267,-118.323973"
Jay's Bar USA,https://maps.google.com/?cid=7264119175042115372&g_mp=Cidnb29nbGUubWFwcy5wbGFjZXMudjEuUGxhY2VzLlNlYXJjaFRleHQQAhgEIAA,"4321 Sunset Blvd, Los Angeles, CA 90029, USA","34.0952424,-118.2830158"
Mother Tongue USA,https://maps.google.com/?cid=14454867485310468324&g_mp=Cidnb29nbGUubWFwcy5wbGFjZXMudjEuUGxhY2VzLlNlYXJjaFRleHQQAhgEIAA,"960 N La Brea Ave 4th Floor, Los Angeles, CA 90038, USA","34.0883989,-118.3437201"
Power House USA,https://maps.google.com/?cid=11682698650544694459&g_mp=Cidnb29nbGUubWFwcy5wbGFjZXMudjEuUGxhY2VzLlNlYXJjaFRleHQQAhgEIAA,"1714 Highland Ave, Los Angeles, CA 90028, USA","34.10213,-118.3384633"
Sunset Vinyl USA,https://maps.google.com/?cid=14062406171515063084&g_mp=Cidnb29nbGUubWFwcy5wbGFjZXMudjEuUGxhY2VzLlNlYXJjaFRleHQQAhgEIAA,"1521 Vine St, Los Angeles, CA 90028, USA","34.0988267,-118.3270184"
The Well USA,https://maps.google.com/?cid=14278525344119121956&g_mp=Cidnb29nbGUubWFwcy5wbGFjZXMudjEuUGxhY2VzLlNlYXJjaFRleHQQAhgEIAA,"6255 Sunset Blvd, Los Angeles, CA 90028, USA","34.0985325,-118.3255669"
All Seasons Brewing USA,https://maps.google.com/?cid=1895768546188553684&g_mp=Cidnb29nbGUubWFwcy5wbGFjZXMudjEuUGxhY2VzLlNlYXJjaFRleHQQAhgEIAA,"800 S La Brea Ave, Los Angeles, CA 90036, USA","34.0603894,-118.3444837"
Breakroom 86 USA,https://maps.google.com/?cid=585944012083531389&g_mp=Cidnb29nbGUubWFwcy5wbGFjZXMudjEuUGxhY2VzLlNlYXJjaFRleHQQAhgEIAA,"630 S Ardmore Ave, Los Angeles, CA 90010, USA","34.0622812,-118.3014419"
Delicious Pizza USA,https://maps.google.com/?cid=7221154802553902263&g_mp=Cidnb29nbGUubWFwcy5wbGFjZXMudjEuUGxhY2VzLlNlYXJjaFRleHQQAhgEIAA,"5419 W Adams Blvd, Los Angeles, CA 90016, USA","34.0326813,-118.360925"
Escala USA,https://maps.google.com/?cid=17094329334952669336&g_mp=Cidnb29nbGUubWFwcy5wbGFjZXMudjEuUGxhY2VzLlNlYXJjaFRleHQQAhgEIAA,"3451 W 6th St, Los Angeles, CA 90020, USA","34.0637517,-118.2968488"
Founders Ale House USA,https://maps.google.com/?cid=8841327919080696438&g_mp=Cidnb29nbGUubWFwcy5wbGFjZXMudjEuUGxhY2VzLlNlYXJjaFRleHQQAhgEIAA,"8771 W Pico Blvd, Los Angeles, CA 90035, USA","34.0549248,-118.3832419"
Frank 'n Hanks USA,https://maps.google.com/?cid=3801972435844512654&g_mp=Cidnb29nbGUubWFwcy5wbGFjZXMudjEuUGxhY2VzLlNlYXJjaFRleHQQAhgEIAA,"518 S Western Ave, Los Angeles, CA 90020, USA","34.0647274,-118.3089035"
The Bar at Johnny's USA,https://maps.google.com/?cid=10667033404610405541&g_mp=Cidnb29nbGUubWFwcy5wbGFjZXMudjEuUGxhY2VzLlNlYXJjaFRleHQQAhgEIAA,"4327 W Adams Blvd, Los Angeles, CA 90018, USA","34.0328059,-118.3329372"
Little Bar USA,https://maps.google.com/?cid=3809388952540120318&g_mp=Cidnb29nbGUubWFwcy5wbGFjZXMudjEuUGxhY2VzLlNlYXJjaFRleHQQAhgEIAA,"757 S S La Brea Ave, Los Angeles, CA 90036, USA","34.0658603,-118.3440364"
Lobby Bar @ The Line USA,https://maps.google.com/?cid=137007065060838895&g_mp=Cidnb29nbGUubWFwcy5wbGFjZXMudjEuUGxhY2VzLlNlYXJjaFRleHQQAhgEIAA,"3515 Wilshire Blvd, Los Angeles, CA 90010, USA","34.062113,-118.3012161"
The Normandie Club USA,https://maps.google.com/?cid=10247393589135687419&g_mp=Cidnb29nbGUubWFwcy5wbGFjZXMudjEuUGxhY2VzLlNlYXJjaFRleHQQAhgEIAA,"3612 W 6th St, Los Angeles, CA 90020, USA","34.0634767,-118.3008726"
Arts District Brewing Co USA,https://maps.google.com/?cid=14572293836080270156&g_mp=Cidnb29nbGUubWFwcy5wbGFjZXMudjEuUGxhY2VzLlNlYXJjaFRleHQQAhgEIAA,"828 Traction Ave, Los Angeles, CA 90013, USA","34.0447118,-118.2352764"
Beelman's Pub USA,https://maps.google.com/?cid=11023777706752314921&g_mp=Cidnb29nbGUubWFwcy5wbGFjZXMudjEuUGxhY2VzLlNlYXJjaFRleHQQAhgEIAA,"600 S Spring St, Los Angeles, CA 90014, USA","34.0455701,-118.2509263"
Broken Shaker USA,https://maps.google.com/?cid=1170426342579754801&g_mp=Cidnb29nbGUubWFwcy5wbGFjZXMudjEuUGxhY2VzLlNlYXJjaFRleHQQAhgEIAA,"416 W 8th St, Los Angeles, CA 90014, USA","34.0447551,-118.2564556"
Everson Royce Bar USA,https://maps.google.com/?cid=3371906459490486129&g_mp=Cidnb29nbGUubWFwcy5wbGFjZXMudjEuUGxhY2VzLlNlYXJjaFRleHQQAhgEIAA,"1936 E 7th St, Los Angeles, CA 90021, USA","34.034389,-118.2325991"
Far Bar USA,https://maps.google.com/?cid=5967468054412822445&g_mp=Cidnb29nbGUubWFwcy5wbGFjZXMudjEuUGxhY2VzLlNlYXJjaFRleHQQAhgEIAA,"347 1st St, Los Angeles, CA 90012, USA","34.04974869999999,-118.2394595"
Golden Gopher USA,https://maps.google.com/?cid=10228531836108658801&g_mp=Cidnb29nbGUubWFwcy5wbGFjZXMudjEuUGxhY2VzLlNlYXJjaFRleHQQAhgEIAA,"417 W 8th St, Los Angeles, CA 90014, USA","34.0450353,-118.2562027"
Joey DTLA USA,https://maps.google.com/?cid=12586880607528883189&g_mp=Cidnb29nbGUubWFwcy5wbGFjZXMudjEuUGxhY2VzLlNlYXJjaFRleHQQAhgEIAA,"700 W 7th St Ste S430, Los Angeles, CA 90017, USA","34.0483595,-118.2587597"
Perch USA,https://maps.google.com/?cid=3866628448079004996&g_mp=Cidnb29nbGUubWFwcy5wbGFjZXMudjEuUGxhY2VzLlNlYXJjaFRleHQQAhgEIAA,"448 S Hill St, Los Angeles, CA 90013, USA","34.0488477,-118.2514257"
33 Taps USA,https://maps.google.com/?cid=1429498327596697899&g_mp=Cidnb29nbGUubWFwcy5wbGFjZXMudjEuUGxhY2VzLlNlYXJjaFRleHQQAhgEIAA,"1240 S Figueroa St, Los Angeles, CA 90015, USA","34.0410951,-118.2670827"
Bigfoot West USA,https://maps.google.com/?cid=11465172617815465054&g_mp=Cidnb29nbGUubWFwcy5wbGFjZXMudjEuUGxhY2VzLlNlYXJjaFRleHQQAhgEIAA,"10939 Venice Blvd., Los Angeles, CA 90034, USA","34.0155795,-118.413184"
Maple Block Meat Co. USA,https://maps.google.com/?cid=1606745421131897708&g_mp=Cidnb29nbGUubWFwcy5wbGFjZXMudjEuUGxhY2VzLlNlYXJjaFRleHQQAhgEIAA,"3973 Sepulveda Blvd, Culver City, CA 90230, USA","34.0092418,-118.4146691"
Nickel Mine USA,https://maps.google.com/?cid=14167202315900867170&g_mp=Cidnb29nbGUubWFwcy5wbGFjZXMudjEuUGxhY2VzLlNlYXJjaFRleHQQAhgEIAA,"11363 Santa Monica Blvd, Los Angeles, CA 90025, USA","34.0460468,-118.4507368"
Oldfield's Liquor Room USA,https://maps.google.com/?cid=10689908391870387112&g_mp=Cidnb29nbGUubWFwcy5wbGFjZXMudjEuUGxhY2VzLlNlYXJjaFRleHQQAhgEIAA,"10899 Venice Blvd. W, Los Angeles, CA 90034, USA","34.0163134,-118.4118608"
Q's Billiards USA,https://maps.google.com/?cid=6049200821890325220&g_mp=Cidnb29nbGUubWFwcy5wbGFjZXMudjEuUGxhY2VzLlNlYXJjaFRleHQQAhgEIAA,"11835 Wilshire Blvd, Los Angeles, CA 90025, USA","34.0477046,-118.4634104"
33 Taps USA,https://maps.google.com/?cid=1429498327596697899&g_mp=Cidnb29nbGUubWFwcy5wbGFjZXMudjEuUGxhY2VzLlNlYXJjaFRleHQQAhgEIAA,"1240 S Figueroa St, Los Angeles, CA 90015, USA","34.0410951,-118.2670827"
Cabo Cantina USA,https://maps.google.com/?cid=13584409091586557794&g_mp=Cidnb29nbGUubWFwcy5wbGFjZXMudjEuUGxhY2VzLlNlYXJjaFRleHQQAhgEIAA,"6669 Hollywood Blvd, Los Angeles, CA 90028, USA","34.1018302,-118.3356221"
The Craftsman USA,https://maps.google.com/?cid=3722480886316133396&g_mp=Cidnb29nbGUubWFwcy5wbGFjZXMudjEuUGxhY2VzLlNlYXJjaFRleHQQAhgEIAA,"208 W 8th St, Los Angeles, CA 90014, USA","34.0431536,-118.2540114"
Duke's Malibu USA,https://maps.google.com/?cid=1513497510111564432&g_mp=Cidnb29nbGUubWFwcy5wbGFjZXMudjEuUGxhY2VzLlNlYXJjaFRleHQQAhgEIAA,"21150 Pacific Coast Hwy, Malibu, CA 90265, USA","34.0364078,-118.6359695"
Gin Rummy USA,https://maps.google.com/?cid=10688231107464481664&g_mp=Cidnb29nbGUubWFwcy5wbGFjZXMudjEuUGxhY2VzLlNlYXJjaFRleHQQAhgEIAA,"822 Washington Blvd, Marina Del Rey, CA 90292, USA","33.9880768,-118.4518361"
The Misfit USA,https://maps.google.com/?cid=730683559197686151&g_mp=Cidnb29nbGUubWFwcy5wbGFjZXMudjEuUGxhY2VzLlNlYXJjaFRleHQQAhgEIAA,"225 Santa Monica Blvd, Santa Monica, CA 90401, USA","34.0154575,-118.4966569"
The Santa Monica Whaler USA,https://maps.google.com/?cid=15139348952383136297&g_mp=Cidnb29nbGUubWFwcy5wbGFjZXMudjEuUGxhY2VzLlNlYXJjaFRleHQQAhgEIAA,"101 Broadway, Santa Monica, CA 90401, USA","34.0129883,-118.4964563"
The Waterfront Venice USA,https://maps.google.com/?cid=7030651404383979618&g_mp=Cidnb29nbGUubWFwcy5wbGFjZXMudjEuUGxhY2VzLlNlYXJjaFRleHQQAhgEIAA,"205 Ocean Front Walk, Venice, CA 90291, USA","33.995139,-118.4807134"
Tavern on Main USA,https://maps.google.com/?cid=3378478415113761689&g_mp=Cidnb29nbGUubWFwcy5wbGFjZXMudjEuUGxhY2VzLlNlYXJjaFRleHQQAhgEIAA,"123 Main St, El Segundo, CA 90245, USA","33.9173185,-118.4161078"
Bacari Silverlake USA,https://maps.google.com/?cid=15759891190649939146&g_mp=Cidnb29nbGUubWFwcy5wbGFjZXMudjEuUGxhY2VzLlNlYXJjaFRleHQQAhgEIAA,"3626 Sunset Blvd, Los Angeles, CA 90026, USA","34.0901197,-118.2775804"
Barcade USA,https://maps.google.com/?cid=3377500441821156305&g_mp=Cidnb29nbGUubWFwcy5wbGFjZXMudjEuUGxhY2VzLlNlYXJjaFRleHQQAhgEIAA,"5684 York Blvd, Los Angeles, CA 90042, USA","34.1185236,-118.1941408"
Bar Bandini USA,https://maps.google.com/?cid=12407874994181303694&g_mp=Cidnb29nbGUubWFwcy5wbGFjZXMudjEuUGxhY2VzLlNlYXJjaFRleHQQAhgEIAA,"2150 Sunset Blvd, Los Angeles, CA 90026, USA","34.077304,-118.265491"
Bar Henry USA,https://maps.google.com/?cid=6361717150947778879&g_mp=Cidnb29nbGUubWFwcy5wbGFjZXMudjEuUGxhY2VzLlNlYXJjaFRleHQQAhgEIAA,"1228 Sunset Blvd, Los Angeles, CA 90026, USA","34.0690176,-118.2507893"
Bigfoot Lodge USA,https://maps.google.com/?cid=2201558164065068437&g_mp=Cidnb29nbGUubWFwcy5wbGFjZXMudjEuUGxhY2VzLlNlYXJjaFRleHQQAhgEIAA,"3172 Los Feliz Blvd, Los Angeles, CA 90039, USA","34.1234893,-118.2679671"
Cha Cha Lounge USA,https://maps.google.com/?cid=17283973382231261846&g_mp=Cidnb29nbGUubWFwcy5wbGFjZXMudjEuUGxhY2VzLlNlYXJjaFRleHQQAhgEIAA,"2375 Glendale Blvd, Los Angeles, CA 90039, USA","34.0993554,-118.2594917"
Club Tee Gee USA,https://maps.google.com/?cid=9819539691371869890&g_mp=Cidnb29nbGUubWFwcy5wbGFjZXMudjEuUGxhY2VzLlNlYXJjaFRleHQQAhgEIAA,"3210 Glendale Blvd, Los Angeles, CA 90039, USA","34.1176757,-118.2607708"
Encanto USA,https://maps.google.com/?cid=17406536592830502452&g_mp=Cidnb29nbGUubWFwcy5wbGFjZXMudjEuUGxhY2VzLlNlYXJjaFRleHQQAhgEIAA,"2121 Hillhurst Ave, Los Angeles, CA 90027, USA","34.1106391,-118.2877096"
The Friend USA,https://maps.google.com/?cid=17635646340355094647&g_mp=Cidnb29nbGUubWFwcy5wbGFjZXMudjEuUGxhY2VzLlNlYXJjaFRleHQQAhgEIAA,"2611 Hyperion Ave, Los Angeles, CA 90027, USA","34.1060161,-118.2728363"
The Greyhound USA,https://maps.google.com/?cid=4303115388649222402&g_mp=Cidnb29nbGUubWFwcy5wbGFjZXMudjEuUGxhY2VzLlNlYXJjaFRleHQQAhgEIAA,"1716 E 7th St, Los Angeles, CA 90021, USA","34.0340225,-118.2355761"
La Cuevita USA,https://maps.google.com/?cid=8784638244326377784&g_mp=Cidnb29nbGUubWFwcy5wbGFjZXMudjEuUGxhY2VzLlNlYXJjaFRleHQQAhgEIAA,"5922 N Figueroa St, Los Angeles, CA 90042, USA","34.1107177,-118.190118"
Link N Hops USA,https://maps.google.com/?cid=2203541807552322650&g_mp=Cidnb29nbGUubWFwcy5wbGFjZXMudjEuUGxhY2VzLlNlYXJjaFRleHQQAhgEIAA,"3111 Glendale Blvd #3, Los Angeles, CA 90039, USA","34.1164924,-118.263071"
High Low USA,https://maps.google.com/?cid=5014182382767265070&g_mp=Cidnb29nbGUubWFwcy5wbGFjZXMudjEuUGxhY2VzLlNlYXJjaFRleHQQAhgEIAA,"3000 Los Feliz Blvd, Los Angeles, CA 90039, USA","34.1252165,-118.2646957"
Hi Tops LF USA,https://maps.google.com/?cid=10889283294111877388&g_mp=Cidnb29nbGUubWFwcy5wbGFjZXMudjEuUGxhY2VzLlNlYXJjaFRleHQQAhgEIAA,"8933 Santa Monica Blvd, West Hollywood, CA 90069, USA","34.0845401,-118.3852139"
HOME USA,https://maps.google.com/?cid=14748255293556726053&g_mp=Cidnb29nbGUubWFwcy5wbGFjZXMudjEuUGxhY2VzLlNlYXJjaFRleHQQAhgEIAA,"1760 Hillhurst Ave, Los Angeles, CA 90027, USA","34.1032069,-118.2868581"
Justine's Wine Bar USA,https://maps.google.com/?cid=3526409138723427663&g_mp=Cidnb29nbGUubWFwcy5wbGFjZXMudjEuUGxhY2VzLlNlYXJjaFRleHQQAhgEIAA,"2029 Blake Ave #102, Los Angeles, CA 90039, USA","34.1025069,-118.2435712"
Kombu Sushi USA,https://maps.google.com/?cid=10013223727216139666&g_mp=Cidnb29nbGUubWFwcy5wbGFjZXMudjEuUGxhY2VzLlNlYXJjaFRleHQQAhgEIAA,"3719 Sunset Blvd, Los Angeles, CA 90026, USA","34.0908743,-118.2780828"
Mess Hall USA,https://maps.google.com/?cid=17176651680219073598&g_mp=Cidnb29nbGUubWFwcy5wbGFjZXMudjEuUGxhY2VzLlNlYXJjaFRleHQQAhgEIAA,"4500 Los Feliz Blvd, Los Angeles, CA 90027, USA","34.111469,-118.2876817"
Morrison USA,https://maps.google.com/?cid=3274745315903570558&g_mp=Cidnb29nbGUubWFwcy5wbGFjZXMudjEuUGxhY2VzLlNlYXJjaFRleHQQAhgEIAA,"3179 Los Feliz Blvd, Los Angeles, CA 90039, USA","34.1237549,-118.26872"
Red Lion Tavern USA,https://maps.google.com/?cid=6846299548861410520&g_mp=Cidnb29nbGUubWFwcy5wbGFjZXMudjEuUGxhY2VzLlNlYXJjaFRleHQQAhgEIAA,"2366 Glendale Blvd, Los Angeles, CA 90039, USA","34.0992198,-118.258945"
Thirsty Crow USA,https://maps.google.com/?cid=9597303374072335169&g_mp=Cidnb29nbGUubWFwcy5wbGFjZXMudjEuUGxhY2VzLlNlYXJjaFRleHQQAhgEIAA,"2939 Sunset Blvd, Los Angeles, CA 90026, USA","34.0836768,-118.2737436"
Verdugo Bar USA,https://maps.google.com/?cid=3731991830589500632&g_mp=Cidnb29nbGUubWFwcy5wbGFjZXMudjEuUGxhY2VzLlNlYXJjaFRleHQQAhgEIAA,"3408 Verdugo Rd, Los Angeles, CA 90065, USA","34.1138537,-118.2350672"
33 Taps USA,https://maps.google.com/?cid=1429498327596697899&g_mp=Cidnb29nbGUubWFwcy5wbGFjZXMudjEuUGxhY2VzLlNlYXJjaFRleHQQAhgEIAA,"1240 S Figueroa St, Los Angeles, CA 90015, USA","34.0410951,-118.2670827"
Aikan Sushi USA,https://maps.google.com/?cid=14710805711296827176&g_mp=Cidnb29nbGUubWFwcy5wbGFjZXMudjEuUGxhY2VzLlNlYXJjaFRleHQQAhgEIAA,"9034 Tampa Ave, Northridge, CA 91324, USA","34.2336469,-118.5523942"
Broken Compass USA,https://maps.google.com/?cid=7744127070519864208&g_mp=Cidnb29nbGUubWFwcy5wbGFjZXMudjEuUGxhY2VzLlNlYXJjaFRleHQQAhgEIAA,"2013 W Burbank Blvd, Burbank, CA 91506, USA","34.18069,-118.3331819"
Finney's USA,https://maps.google.com/?cid=12577374012768123061&g_mp=Cidnb29nbGUubWFwcy5wbGFjZXMudjEuUGxhY2VzLlNlYXJjaFRleHQQAhgEIAA,"164 E Palm Ave #102, Burbank, CA 91502, USA","34.181992,-118.3106157"
General Admission USA,https://maps.google.com/?cid=2229121280470119872&g_mp=Cidnb29nbGUubWFwcy5wbGFjZXMudjEuUGxhY2VzLlNlYXJjaFRleHQQAhgEIAA,"3311 Cahuenga Blvd W, Los Angeles, CA 90068, USA","34.130329,-118.3503724"
El Tejano USA,https://maps.google.com/?cid=1208017632291265376&g_mp=Cidnb29nbGUubWFwcy5wbGFjZXMudjEuUGxhY2VzLlNlYXJjaFRleHQQAhgEIAA,"11122 Magnolia Blvd, North Hollywood, CA 91601, USA","34.1646307,-118.3732448"
Idle Hour USA,https://maps.google.com/?cid=14718533400971829359&g_mp=Cidnb29nbGUubWFwcy5wbGFjZXMudjEuUGxhY2VzLlNlYXJjaFRleHQQAhgEIAA,"4824 Vineland Ave, North Hollywood, CA 91601, USA","34.1583867,-118.3700036"
Islands USA,https://maps.google.com/?cid=16970828455929159769&g_mp=Cidnb29nbGUubWFwcy5wbGFjZXMudjEuUGxhY2VzLlNlYXJjaFRleHQQAhgEIAA,"6081 Center Dr #104, Los Angeles, CA 90045, USA","33.9777351,-118.3913327"
Tiki No USA,https://maps.google.com/?cid=17091092062440598906&g_mp=Cidnb29nbGUubWFwcy5wbGFjZXMudjEuUGxhY2VzLlNlYXJjaFRleHQQAhgEIAA,"4657 Lankershim Blvd, North Hollywood, CA 91602, USA","34.1554728,-118.3692617"
Over / Under USA,https://maps.google.com/?cid=8118545727696673862&g_mp=Cidnb29nbGUubWFwcy5wbGFjZXMudjEuUGxhY2VzLlNlYXJjaFRleHQQAhgEIAA,"310 N San Fernando Blvd, Burbank, CA 91502, USA","34.182833,-118.3107612"
Anayas USA,https://maps.google.com/?cid=6402360662841100724&g_mp=Cidnb29nbGUubWFwcy5wbGFjZXMudjEuUGxhY2VzLlNlYXJjaFRleHQQAhgEIAA,"4651 W Adams Blvd, Los Angeles, CA 90016, USA","34.0327163,-118.3417754"
Blind Donkey USA,https://maps.google.com/?cid=17981481323107226399&g_mp=Cidnb29nbGUubWFwcy5wbGFjZXMudjEuUGxhY2VzLlNlYXJjaFRleHQQAhgEIAA,"53 Union St, Pasadena, CA 91103, USA","34.1468816,-118.1492946"
Cervercería Del Pueblo USA,https://maps.google.com/?cid=11693529559249703090&g_mp=Cidnb29nbGUubWFwcy5wbGFjZXMudjEuUGxhY2VzLlNlYXJjaFRleHQQAhgEIAA,"141 W Bellevue Dr #100, Pasadena, CA 91105, USA","34.1385154,-118.1536331"
California Pizza Kitchen USA,https://maps.google.com/?cid=14294405371277474875&g_mp=Cidnb29nbGUubWFwcy5wbGFjZXMudjEuUGxhY2VzLlNlYXJjaFRleHQQAhgEIAA,"735 South Figueroa Street, 7th St Space 305, Los Angeles, CA 90017, USA","34.0490663,-118.2604624"
Craft by Smoke and Fire USA,https://maps.google.com/?cid=13478363678479127489&g_mp=Cidnb29nbGUubWFwcy5wbGFjZXMudjEuUGxhY2VzLlNlYXJjaFRleHQQAhgEIAA,"30 W Green St, Pasadena, CA 91105, USA","34.1443768,-118.1511787"
Damon's USA,https://maps.google.com/?cid=6486446881158073048&g_mp=Cidnb29nbGUubWFwcy5wbGFjZXMudjEuUGxhY2VzLlNlYXJjaFRleHQQAhgEIAA,"317 N Brand Blvd, Glendale, CA 91203, USA","34.1506218,-118.2554664"
Der Wolf USA,https://maps.google.com/?cid=14152065006948794215&g_mp=Cidnb29nbGUubWFwcy5wbGFjZXMudjEuUGxhY2VzLlNlYXJjaFRleHQQAhgEIAA,"519 S Spring St, Los Angeles, CA 90013, USA","34.0470331,-118.250239"
Edwin Mills by Equator USA,https://maps.google.com/?cid=661793131083602333&g_mp=Cidnb29nbGUubWFwcy5wbGFjZXMudjEuUGxhY2VzLlNlYXJjaFRleHQQAhgEIAA,"22 Mills Pl, Pasadena, CA 91105, USA","34.1453132,-118.1507825"
The Fable USA,https://maps.google.com/?cid=7771199744163170428&g_mp=Cidnb29nbGUubWFwcy5wbGFjZXMudjEuUGxhY2VzLlNlYXJjaFRleHQQAhgEIAA,"1630 Colorado Blvd, Los Angeles, CA 90041, USA","34.1392346,-118.2020612"
Glendale Tap USA,https://maps.google.com/?cid=11993132573485047549&g_mp=Cidnb29nbGUubWFwcy5wbGFjZXMudjEuUGxhY2VzLlNlYXJjaFRleHQQAhgEIAA,"4227 San Fernando Rd, Glendale, CA 91204, USA","34.1305247,-118.2613646"
Kings Row USA,https://maps.google.com/?cid=15415789068490678018&g_mp=Cidnb29nbGUubWFwcy5wbGFjZXMudjEuUGxhY2VzLlNlYXJjaFRleHQQAhgEIAA,"20 E Colorado Blvd Suite 102, Pasadena, CA 91105, USA","34.1455506,-118.1500828"
Lucky Baldwins USA,https://maps.google.com/?cid=9898180514319649858&g_mp=Cidnb29nbGUubWFwcy5wbGFjZXMudjEuUGxhY2VzLlNlYXJjaFRleHQQAhgEIAA,"17 S Raymond Ave, Pasadena, CA 91105, USA","34.1453862,-118.1490371"
Kabuki USA,https://maps.google.com/?cid=16732564758900087628&g_mp=Cidnb29nbGUubWFwcy5wbGFjZXMudjEuUGxhY2VzLlNlYXJjaFRleHQQAhgEIAA,"6081 Center Dr #203, Los Angeles, CA 90045, USA","33.9785684,-118.3929189"
Paperback Brewing USA,https://maps.google.com/?cid=13777347840249481761&g_mp=Cidnb29nbGUubWFwcy5wbGFjZXMudjEuUGxhY2VzLlNlYXJjaFRleHQQAhgEIAA,"422 Magnolia Ave, Glendale, CA 91204, USA","34.1300553,-118.2618884"
Rocco's Tavern USA,https://maps.google.com/?cid=14212776882834514671&g_mp=Cidnb29nbGUubWFwcy5wbGFjZXMudjEuUGxhY2VzLlNlYXJjaFRleHQQAhgEIAA,"3843 Main St, Culver City, CA 90232, USA","34.0244305,-118.3948643"
Taco/Social USA,https://maps.google.com/?cid=14095196171563937520&g_mp=Cidnb29nbGUubWFwcy5wbGFjZXMudjEuUGxhY2VzLlNlYXJjaFRleHQQAhgEIAA,"1627 Colorado Blvd, Los Angeles, CA 90041, USA","34.1397517,-118.2019927"
Yard House USA,https://maps.google.com/?cid=2663269652518794639&g_mp=Cidnb29nbGUubWFwcy5wbGFjZXMudjEuUGxhY2VzLlNlYXJjaFRleHQQAhgEIAA,"800 W Olympic Blvd A-115, Los Angeles, CA 90015, USA","34.0451045,-118.2656611"
Bacari PDR USA,https://maps.google.com/?cid=8140486655596205459&g_mp=Cidnb29nbGUubWFwcy5wbGFjZXMudjEuUGxhY2VzLlNlYXJjaFRleHQQAhgEIAA,"6805 S Vista Del Mar Ln, Playa Del Rey, CA 90293, USA","33.9586165,-118.4483973"
Baja Sharkeez USA,https://maps.google.com/?cid=13087095718022164644&g_mp=Cidnb29nbGUubWFwcy5wbGFjZXMudjEuUGxhY2VzLlNlYXJjaFRleHQQAhgEIAA,"3600 Highland Ave, Manhattan Beach, CA 90266, USA","33.9005039,-118.4174333"
El Segundo Brewing Company USA,https://maps.google.com/?cid=17986701665061556232&g_mp=Cidnb29nbGUubWFwcy5wbGFjZXMudjEuUGxhY2VzLlNlYXJjaFRleHQQAhgEIAA,"140 Main St, El Segundo, CA 90245, USA","33.9177021,-118.4156536"
Ercole's MB USA,https://maps.google.com/?cid=17971283894283162200&g_mp=Cidnb29nbGUubWFwcy5wbGFjZXMudjEuUGxhY2VzLlNlYXJjaFRleHQQAhgEIAA,"1101 Manhattan Ave, Manhattan Beach, CA 90266, USA","33.8840903,-118.4106565"
Pitcher House Upper Deck USA,https://maps.google.com/?cid=6918868326894509848&g_mp=Cidnb29nbGUubWFwcy5wbGFjZXMudjEuUGxhY2VzLlNlYXJjaFRleHQQAhgEIAA,"409 N Pacific Coast Hwy #200, Redondo Beach, CA 90277, USA","33.8478751,-118.3896567"
Shellback Tavern USA,https://maps.google.com/?cid=11687651119090857324&g_mp=Cidnb29nbGUubWFwcy5wbGFjZXMudjEuUGxhY2VzLlNlYXJjaFRleHQQAhgEIAA,"116 Manhattan Beach Blvd, Manhattan Beach, CA 90266, USA","33.8843352,-118.4111843"
Standard Station USA,https://maps.google.com/?cid=13897839349186580010&g_mp=Cidnb29nbGUubWFwcy5wbGFjZXMudjEuUGxhY2VzLlNlYXJjaFRleHQQAhgEIAA,"226 Standard St, El Segundo, CA 90245, USA","33.9185724,-118.4145304"