restaurant_key,restaurant google map url,neighborhood,address,coordinates,details_monday,details_tuesday,details_wednesday,details_thursday,details_friday,details_saturday,details_sunday,details_games,details_haunted
Akuma,https://maps.google.com/?cid=2595498613213003003&g_mp=Cidnb29nbGUubWFwcy5wbGFjZXMudjEuUGxhY2VzLlNlYXJjaFRleHQQAhgEIAA,Melrose Fairfax / West Hollywood,"8267 Santa Monica Blvd, West Hollywood, CA 90046, USA","34.0911687,-118.3694558","3pm-5pm 
50% house sake / draft beer / wine","3pm-5pm 
50% house sake / draft beer / wine","3pm-5pm 
50% house sake / draft beer / wine","3pm-5pm 
50% house sake / draft beer / wine","3pm-5pm 
50% house sake / draft beer / wine",,,,
Badmaash,https://maps.google.com/?cid=6203232972313248096&g_mp=Cidnb29nbGUubWFwcy5wbGFjZXMudjEuUGxhY2VzLlNlYXJjaFRleHQQAhgEIAA,Downtown LA,"108 W 2nd St APT 104, Los Angeles, CA 90012, USA","34.0510122,-118.2450272","3-6pm; 9 - 10pm
$10 wine / $6 beer / $6-10 food specials","3-6pm; 9 - 10pm
$10 wine / $6 beer / $6-10 food specials","3-6pm; 9 - 10pm
$10 wine / $6 beer / $6-10 food specials","3-6pm; 9 - 10pm
$10 wine / $6 beer / $6-10 food specials","3-6pm
$10 wine / $6 beer / $6-10 food specials","3-6pm
$10 wine / $6 beer / $6-10 food specials","3-6pm; 9 - 10pm
$10 wine / $6 beer / $6-10 food specials",,
Bao Dim Sum,https://maps.google.com/?cid=4944968511888131955&g_mp=Cidnb29nbGUubWFwcy5wbGFjZXMudjEuUGxhY2VzLlNlYXJjaFRleHQQAhgEIAA,Melrose Fairfax / West Hollywood,"8256 Beverly Blvd, Los Angeles, CA 90048, USA","34.0758449,-118.369864","5-7pm; 
$7 Beers Wines Wells / 
$9 apps / $10 cocktails","5-7pm; 
$7 Beers Wines Wells / 
$9 apps / $10 cocktails","5-7pm; 
$7 Beers Wines Wells / 
$9 apps / $10 cocktails","5-7pm; 
$7 Beers Wines Wells / 
$9 apps / $10 cocktails","5-7pm; 
$7 Beers Wines Wells / 
$9 apps / $10 cocktails",N/A,N/A,,
Bar Lubitsch,https://maps.google.com/?cid=14816937346540407807&g_mp=Cidnb29nbGUubWFwcy5wbGFjZXMudjEuUGxhY2VzLlNlYXJjaFRleHQQAhgEIAA,Melrose Fairfax / West Hollywood,"7702 Santa Monica Blvd, West Hollywood, CA 90046, USA","34.0906215,-118.3567951",TBC,TBC,TBC,TBC,TBC,,,DANCING,N
Barney's Beanery,https://maps.google.com/?cid=3109210688223960768&g_mp=Cidnb29nbGUubWFwcy5wbGFjZXMudjEuUGxhY2VzLlNlYXJjaFRleHQQAhgEIAA,Melrose Fairfax / West Hollywood,"8447 Santa Monica Blvd, West Hollywood, CA 90069, USA","34.0908561,-118.374658",4-7pm,"4-7pm / 
Trivia @ 9pm!",4-7pm,4-7pm,4-7pm,,,POOL TABLES,Y
The Belmont,https://maps.google.com/?cid=5310394869457036678&g_mp=Cidnb29nbGUubWFwcy5wbGFjZXMudjEuUGxhY2VzLlNlYXJjaFRleHQQAhgEIAA,Melrose Fairfax / West Hollywood,"747 N La Cienega Blvd, Los Angeles, CA 90069, USA","34.0848984,-118.3764756",N/A,"4-7pm
$5-$6 beers / $7 spirits / $6 wine Karaoke @ 9pm","4-7pm
$5-$6 beers / $7 spirits / Wine Weds $7 all day","4-7pm
$5-$6 beers / $7 spirits / $6 wine","4-7pm
$5-$6 beers / $7 spirits / $6 wine",,,TV'S,N
Blue Collar,https://maps.google.com/?cid=2445152445501683697&g_mp=Cidnb29nbGUubWFwcy5wbGFjZXMudjEuUGxhY2VzLlNlYXJjaFRleHQQAhgEIAA,Melrose Fairfax / West Hollywood,"361 S Fairfax Ave, Los Angeles, CA 90036, USA","34.0704064,-118.3616378",N/A,N/A,N/A,N/A,N/A,,,DARKNESS,M
Blue Daisy - Palihotel,https://maps.google.com/?cid=11889625348572158033&g_mp=Cidnb29nbGUubWFwcy5wbGFjZXMudjEuUGxhY2VzLlNlYXJjaFRleHQQAhgEIAA,Melrose Fairfax / West Hollywood,"7950 Melrose Ave, Los Angeles, CA 90046, USA","34.0836191,-118.3628528","4-7pm
$9 Cocktails & Food","4-7pm
$9 Cocktails & Food","4-7pm
$9 Cocktails & Food","4-7pm
$9 Cocktails & Food","4-7pm
$9 Cocktails & Food",,,,N
Chao Krung,https://maps.google.com/?cid=17673482243836998847&g_mp=Cidnb29nbGUubWFwcy5wbGFjZXMudjEuUGxhY2VzLlNlYXJjaFRleHQQAhgEIAA,Melrose Fairfax / West Hollywood,"111 N Fairfax Ave, Los Angeles, CA 90036, USA","34.0747614,-118.3616963",4:30pm-6pm,4:30pm-6pm,4:30pm-6pm,4:30pm-6pm,4:30pm-6pm,4:30pm-6pm,4:30pm-6pm,,
The Den,https://maps.google.com/?cid=2894987656518709206&g_mp=Cidnb29nbGUubWFwcy5wbGFjZXMudjEuUGxhY2VzLlNlYXJjaFRleHQQAhgEIAA,Melrose Fairfax / West Hollywood,"8226 Sunset Blvd, West Hollywood, CA 90046, USA","34.0974728,-118.3682992",N/A,"5-7pm
$8 wells / $2 off all beers","5-7pm
$8 wells / $2 off all beers
Karaoke @ 9:45pm","5-7pm
$8 wells / $2 off all beers","5-7pm
$8 wells / $2 off all beers",,,,N
El Carmen,https://maps.google.com/?cid=8755073309619719288&g_mp=Cidnb29nbGUubWFwcy5wbGFjZXMudjEuUGxhY2VzLlNlYXJjaFRleHQQAhgEIAA,Melrose Fairfax / West Hollywood,"8138 W 3rd St, Los Angeles, CA 90048, USA","34.07212579999999,-118.3672645","5-7pm; 
10:30 - 2:00am
$7 Margs / 
$3 tacos","5-7pm; 
10:30 - 2:00am
$7 Margs / 
$3 tacos","5-7pm; 
10:30 - 2:00am
$7 Margs / 
$3 tacos","5-7pm; 
10:30 - 2:00am
$7 Margs / 
$3 tacos","5-7pm;
$7 Margs / 
$3 tacos",,"5-7pm; 
10:30 - 2:00am
$7 Margs / 
$3 tacos",,N
EP-LP,https://maps.google.com/?cid=704670832781504746&g_mp=Cidnb29nbGUubWFwcy5wbGFjZXMudjEuUGxhY2VzLlNlYXJjaFRleHQQAhgEIAA,Melrose Fairfax / West Hollywood,"603 N La Cienega Blvd, West Hollywood, CA 90069, USA","34.0821636,-118.3767877",4pm-6pm,4pm-6pm,4pm-6pm,4pm-6pm,4pm-6pm,,,HOES & TRICKS,N
Employees Only,https://maps.google.com/?cid=10568085337037402081&g_mp=Cidnb29nbGUubWFwcy5wbGFjZXMudjEuUGxhY2VzLlNlYXJjaFRleHQQAhgEIAA,Melrose Fairfax / West Hollywood,"7953 Santa Monica Blvd, West Hollywood, CA 90046, USA","34.0910171,-118.3632014",N/A,"6-8pm
Food & $12 Drinks","6-8pm
Food & $12 Drinks","6-8pm
Food & $12 Drinks","6-8pm
Food & $12 Drinks","6-8pm
Food & $12 Drinks","6-8pm
Food & $12 Drinks",,N
Formosa Cafe,https://maps.google.com/?cid=14682949317920149170&g_mp=Cidnb29nbGUubWFwcy5wbGFjZXMudjEuUGxhY2VzLlNlYXJjaFRleHQQAhgEIAA,Melrose Fairfax / West Hollywood,"7156 Santa Monica Blvd, West Hollywood, CA 90046, USA","34.0903968,-118.3459515","3-6pm
$10 cocktails / $5 beer / $10 food specials","3-6pm
$10 cocktails / $5 beer / $10 food specials","3-6pm
$10 cocktails / $5 beer / $10 food specials","3-6pm
$10 cocktails / $5 beer / $10 food specials","3-6pm
$10 cocktails / $5 beer / $10 food specials","3-6pm
$10 cocktails / $5 beer / $10 food specials","3-6pm
$10 cocktails / $5 beer / $10 food specials",,H'D AF
Gracias Madre,https://maps.google.com/?cid=16040271027876042526&g_mp=Cidnb29nbGUubWFwcy5wbGFjZXMudjEuUGxhY2VzLlNlYXJjaFRleHQQAhgEIAA,Melrose Fairfax / West Hollywood,"8905 Melrose Ave, West Hollywood, CA 90069, USA","34.0810417,-118.3869706","3pm-6pm
$9 Marg / $6 Beer / $7 Bites
Mezcal Monday!","3pm-6pm
$9 Marg / $6 Beer / $7 Bites
Taco Tuesdays (3 for $25)!","3pm-6pm
$9 Marg / $6 Beer / $7 Bites","3pm-6pm
$9 Marg / $6 Beer / $7 Bites","3pm-6pm
$9 Marg / $6 Beer / $7 Bites",,,BEST OUTSIDE PATIO,N
Harlowe,https://maps.google.com/?cid=11662087089393420580&g_mp=Cidnb29nbGUubWFwcy5wbGFjZXMudjEuUGxhY2VzLlNlYXJjaFRleHQQAhgEIAA,Melrose Fairfax / West Hollywood,"7321 Santa Monica Blvd, West Hollywood, CA 90046, USA","34.0909814,-118.3494593",N/A,"5-7pm
$10 Cocktails / $8 Wells / $1 off Beer","5-7pm
$10 Cocktails / $8 Wells / $1 off Beer","5-7pm
$10 Cocktails / $8 Wells / $1 off Beer","5-7pm
$10 Cocktails / $8 Wells / $1 off Beer","5-7pm
$10 Cocktails / $8 Wells / $1 off Beer","5-7pm
$10 Cocktails / $8 Wells / $1 off Beer",DANCING; GHOSTS,H'D AF
The Henry,https://maps.google.com/?cid=10359485350366858713&g_mp=Cidnb29nbGUubWFwcy5wbGFjZXMudjEuUGxhY2VzLlNlYXJjaFRleHQQAhgEIAA,Melrose Fairfax / West Hollywood,"120 N Robertson Blvd, Los Angeles, CA 90048, USA","34.0762489,-118.383221","3 - 6pm
$8 draft beer /
$12 cocktails;
food deals","3 - 6pm
$8 draft beer /
$12 cocktails;
food deals","3 - 6pm
$8 draft beer /
$12 cocktails;
food deals","3 - 6pm
$8 draft beer /
$12 cocktails;
food deals","3 - 6pm
$8 draft beer /
$12 cocktails;
food deals",,,,
Hi-Tops,https://maps.google.com/?cid=4944047958818480040&g_mp=Cidnb29nbGUubWFwcy5wbGFjZXMudjEuUGxhY2VzLlNlYXJjaFRleHQQAhgEIAA,Silverlake / Los Feliz / Atwater & Virgil Village,"1714 N Vermont Ave, Los Angeles, CA 90027, USA","34.1022363,-118.2914425","12pm-8pm
$5 all beer / $5 wells / $5 wings all day","12pm-8pm
$5 all beer / $5 wells
Trivia @ 8pm!","12pm-8pm
$5 all beer / $5 wells","12pm-8pm
$5 all beer / $5 wells","12pm-8pm
$5 all beer / $5 wells","12pm-8pm
$5 all beer / $5 wells","12pm-8pm
$5 all beer / $5 wells",TV'S; GAY BOYS,N
Jones,https://maps.google.com/?cid=10057629126821585059&g_mp=Cidnb29nbGUubWFwcy5wbGFjZXMudjEuUGxhY2VzLlNlYXJjaFRleHQQAhgEIAA,Melrose Fairfax / West Hollywood,"7205 Santa Monica Blvd, West Hollywood, CA 90046, USA","34.0908821,-118.3464231","10:30pm - 2am /
$7 cocktails /
$5 beers / 
$10 HH Apps & Pizzas","10:30pm - 2am /
$7 cocktails /
$5 beers / 
$10 HH Apps & Pizzas","10:30pm - 2am /
$7 cocktails /
$5 beers / 
$10 HH Apps & Pizzas","10:30pm - 2am /
$7 cocktails /
$5 beers / 
$10 HH Apps & Pizzas",N/A,N/A,"10:30pm - 2am /
$7 cocktails /
$5 beers / 
$10 HH Apps & Pizzas",,
Kinari,https://maps.google.com/?cid=14077426528883217250&g_mp=Cidnb29nbGUubWFwcy5wbGFjZXMudjEuUGxhY2VzLlNlYXJjaFRleHQQAhgEIAA,Melrose Fairfax / West Hollywood,"801 N Fairfax Ave, Los Angeles, CA 90046, USA","34.0856363,-118.3619568","4pm-7pm
$6 Draft / $9 Sake / Food","4pm-7pm
$6 Draft / $9 Sake / Food","4pm-7pm 
$6 Draft / $9 Sake / Food","4pm-7pm 
$6 Draft / $9 Sake / Food","4pm-7pm 
$6 Draft / $9 Sake / Food",,,TV'S,Y; By Fat Dogs
Laurel Hardware,https://maps.google.com/?cid=11980422767060992473&g_mp=Cidnb29nbGUubWFwcy5wbGFjZXMudjEuUGxhY2VzLlNlYXJjaFRleHQQAhgEIAA,Melrose Fairfax / West Hollywood,"7984 Santa Monica Blvd, West Hollywood, CA 90046, USA","34.0906082,-118.3644347","5pm-6pm
$12-$14 cocktails & food","5pm-6pm
$12-$14 cocktails & food","5pm-6pm
$12-$14 cocktails & food","5pm-6pm
$12-$14 cocktails & food","5pm-6pm
$12-$14 cocktails & food","5pm-6pm
$12-$14 cocktails & food","5pm-6pm
$12-$14 cocktails & food",,
Las Perlas,https://maps.google.com/?cid=9931021046277700799&g_mp=Cidnb29nbGUubWFwcy5wbGFjZXMudjEuUGxhY2VzLlNlYXJjaFRleHQQAhgEIAA,Downtown LA,"107 E 6th St, Los Angeles, CA 90014, USA","34.04509840000001,-118.2495126","5-8pm bar / 
5-7pm tacos back patio","5-8pm bar / 
5-7pm tacos back patio","5-8pm bar / 
5-7pm tacos back patio","5-8pm bar / 
5-7pm tacos back patio","5-8pm bar / 
5-7pm tacos back patio",,,,N
Madre,https://maps.google.com/?cid=9250984602494581104&g_mp=Cidnb29nbGUubWFwcy5wbGFjZXMudjEuUGxhY2VzLlNlYXJjaFRleHQQAhgEIAA,Melrose Fairfax / West Hollywood,"801 N Fairfax Ave #101, Los Angeles, CA 90046, USA","34.0857457,-118.3616978","3-6pm
$9 margaritas / $6 taco apps","3-6pm
$9 margaritas / $6 taco apps","3-6pm
$9 margaritas / $6 taco apps","3-6pm
$9 margaritas / $6 taco apps","3-6pm
$9 margaritas / $6 taco apps",,,,N
Melrose Umbrella Co.,https://maps.google.com/?cid=11321764694019804244&g_mp=Cidnb29nbGUubWFwcy5wbGFjZXMudjEuUGxhY2VzLlNlYXJjaFRleHQQAhgEIAA,Melrose Fairfax / West Hollywood,"7465 Melrose Ave, Los Angeles, CA 90046, USA","34.0838389,-118.3527123","5-7pm
$12 cocktails / 
$5 Miller HL","5-7pm
$12 cocktails / 
$5 Miller HL","5-7pm
$12 cocktails / 
$5 Miller HL","5-7pm
$12 cocktails / 
$5 Miller HL","5-7pm
$12 cocktails / 
$5 Miller HL",,,GHOSTS,H'D AF
Mr. Furleys W 3rd,https://maps.google.com/?cid=6434826667180136871&g_mp=Cidnb29nbGUubWFwcy5wbGFjZXMudjEuUGxhY2VzLlNlYXJjaFRleHQQAhgEIAA,Melrose Fairfax / West Hollywood,"8445 W 3rd St, Los Angeles, CA 90048, USA","34.073418,-118.3747891","5-9pm
Buy 2 drinks Get 3rd FREE","5-9pm
Buy 2 drinks Get 3rd FREE","5-9pm
Buy 2 drinks Get 3rd FREE","5-9pm
Buy 2 drinks Get 3rd FREE","5-9pm
Buy 2 drinks Get 3rd FREE","5-9pm
Buy 2 drinks Get 3rd FREE","5-9pm
Buy 2 drinks Get 3rd FREE",DARTS; POOL TABLE,M
OR Bar,https://maps.google.com/?cid=11872065185144145365&g_mp=Cidnb29nbGUubWFwcy5wbGFjZXMudjEuUGxhY2VzLlNlYXJjaFRleHQQAhgEIAA,Melrose Fairfax / West Hollywood,"8228 Santa Monica Blvd, West Hollywood, CA 90046, USA","34.0905583,-118.3679036","4pm-7pm
$9 Cocktails / $6.50 Beer / $13 Martinis/Negronis","4pm-7pm
$9 Cocktails / $6.50 Beer / $13 Martinis/Negronis","4pm-7pm
$9 Cocktails / $6.50 Beer / $13 Martinis/Negronis","4pm-7pm
$9 Cocktails / $6.50 Beer / $13 Martinis/Negronis","4pm-7pm
$9 Cocktails / $6.50 Beer / $13 Martinis/Negronis",,,,
The Phoenix,https://maps.google.com/?cid=18390320676594090767&g_mp=Cidnb29nbGUubWFwcy5wbGFjZXMudjEuUGxhY2VzLlNlYXJjaFRleHQQAhgEIAA,Melrose Fairfax / West Hollywood,"8480 W 3rd St, Los Angeles, CA 90048, USA","34.07308520000001,-118.3758821","5pm-8pm
$90 Cocktail Pitchers / $32 Beer Pitchers","5pm-8pm
$90 Cocktail Pitchers / $32 Beer Pitchers","5pm-8pm
$90 Cocktail Pitchers / $32 Beer Pitchers","5pm-8pm
$90 Cocktail Pitchers / $32 Beer Pitchers","5pm-8pm
$90 Cocktail Pitchers / $32 Beer Pitchers",,,,
Phorage Weho,https://maps.google.com/?cid=5779342421658487379&g_mp=Cidnb29nbGUubWFwcy5wbGFjZXMudjEuUGxhY2VzLlNlYXJjaFRleHQQAhgEIAA,Melrose Fairfax / West Hollywood,"7326 Santa Monica Blvd #10, Los Angeles, CA 90046, USA","34.0905595,-118.3495622","3-6pm
$7 Well / $5 Beers & Wine
Martini Mondays 
All Nite $12 All Martinis","3-6pm
$7 Well / $5 Beers & Wine
Tequila & Mezcal 
All Nite Top Shelf Double Pours & $2 off all Tequila/Mezcal","3-6pm
$7 Well / $5 Beers & Wine
Whiskey & Wine 
All Nite Top Shelf Double Pours & $2 off any Whiskey","3-6pm 
$7 Well / $5 Beers & Wine / $2 Off Small Bites","3-6pm 
$7 Well / $5 Beers & Wine / $2 Off Small Bites",,"3-6pm 
$7 Well / $5 Beers & Wine / $2 Off Small Bites",,N
Snake Pit Alehouse,https://maps.google.com/?cid=10183337500710009108&g_mp=Cidnb29nbGUubWFwcy5wbGFjZXMudjEuUGxhY2VzLlNlYXJjaFRleHQQAhgEIAA,Melrose Fairfax / West Hollywood,"7529 Melrose Ave, Los Angeles, CA 90046, USA","34.0838042,-118.3541682","3pm - Midnight
$8 wells / 
$6 select beers / food specials","3 - 7pm
$8 wells / 
$6 select beers; $2 Taco Tues / 
$5 Tecate","3 - 7pm
$8 wells / 
$6 select beers / food specials / Weds $6 Buffalo Wings","3 - 7pm
$8 wells / 
$6 select beers / food specials","3 - 7pm
$8 wells / 
$6 select beers / food specials",,"7 - 9pm
$8 wells / 
$6 select beers / food specials",JUKEBOX,N
Surly Goat,https://maps.google.com/?cid=14554943794334663828&g_mp=Cidnb29nbGUubWFwcy5wbGFjZXMudjEuUGxhY2VzLlNlYXJjaFRleHQQAhgEIAA,Melrose Fairfax / West Hollywood,"7929 Santa Monica Blvd, West Hollywood, CA 90046, USA","34.0910744,-118.3626536","6pm-8pm
select drafts / wells
Trivia!","6-8pm
select drafts / wells","6-8pm
select drafts / wells
Karaoke!","6-8pm
select drafts / wells","6-8pm
select drafts / wells",,,"DARTS
OUTDOOR PATIO",N
Tacos Tu Madre,https://maps.google.com/?cid=8910599073140358487&g_mp=Cidnb29nbGUubWFwcy5wbGFjZXMudjEuUGxhY2VzLlNlYXJjaFRleHQQAhgEIAA,Melrose Fairfax / West Hollywood,"1111 Hayworth Ave, Los Angeles, CA 90046, USA","34.0912616,-118.3632356","3pm-6pm
$10 Cocktails / $6 Beers + Food","3pm-6pm
$10 Cocktails / $6 Beers + Food","3pm-6pm
$10 Cocktails / $6 Beers + Food","3pm-6pm
$10 Cocktails / $6 Beers + Food","3pm-6pm
$10 Cocktails / $6 Beers + Food",,,,
The 3rd Stop,https://maps.google.com/?cid=17899689916626643444&g_mp=Cidnb29nbGUubWFwcy5wbGFjZXMudjEuUGxhY2VzLlNlYXJjaFRleHQQAhgEIAA,Melrose Fairfax / West Hollywood,"8636 W 3rd St, Los Angeles, CA 90048, USA","34.0734089,-118.3808238","4 - 7pm; 11pm-1a
$6 draft beer /
$7 wine;
app deals","4 - 7pm; 11pm-1a
$6 draft beer /
$7 wine;
app deals","4 - 7pm; 11pm-1a
$6 draft beer /
$7 wine;
app deals","4 - 7pm; 11pm-1a
$6 draft beer /
$7 wine;
app deals","4 - 7pm; 11pm-1a
$6 draft beer /
$7 wine;
app deals","4 - 7pm; 11pm-1a
$6 draft beer /
$7 wine;
app deals","4 - 7pm; 11pm-1a
$6 draft beer /
$7 wine;
app deals",SPORTS WATCHIN',
Terroni,https://maps.google.com/?cid=16665993120947572306&g_mp=Cidnb29nbGUubWFwcy5wbGFjZXMudjEuUGxhY2VzLlNlYXJjaFRleHQQAhgEIAA,Melrose Fairfax / West Hollywood,"7605 Beverly Blvd, Los Angeles, CA 90036, USA","34.0763627,-118.3555332","4 - 5:30pm
*Bar & Patio ONLY","4 - 5:30pm
*Bar & Patio ONLY","4 - 5:30pm
*Bar & Patio ONLY","4 - 5:30pm
*Bar & Patio ONLY","4 - 5:30pm
*Bar & Patio ONLY",,,,
Desert 5,https://maps.google.com/?cid=17654792462149624194&g_mp=Cidnb29nbGUubWFwcy5wbGFjZXMudjEuUGxhY2VzLlNlYXJjaFRleHQQAhgEIAA,Hollywood,"6516 Selma Ave, Los Angeles, CA 90028, USA","34.0996487,-118.3317056",,,"6 - 8pm /
$6 beer & wine; $12 cocktails; $10 for two tacos","6 - 8pm /
$6 beer & wine; $12 cocktails; $10 for two tacos","6 - 8pm /
$6 beer & wine; $12 cocktails; $10 for two tacos",,,,
Electric Owl,https://maps.google.com/?cid=18356242145920265311&g_mp=Cidnb29nbGUubWFwcy5wbGFjZXMudjEuUGxhY2VzLlNlYXJjaFRleHQQAhgEIAA,Hollywood,"1451 N Gardner St, West Hollywood, CA 90046, USA","34.0977076,-118.3530368",N/A,N/A,"2 - 5pm; 10 - 11pm
$10 cocktails / 
~$10 apps","2 - 5pm; 10 - 11pm
$10 cocktails / 
~$10 apps","2 - 5pm; 11 - 12am
$10 cocktails / 
~$10 apps","2 - 5pm; 11 - 12am
$10 cocktails / 
~$10 apps","2 - 5pm; 10 - 11pm
$10 cocktails / 
~$10 apps",SPORTS WATCHIN',N
Good Times at Davey Wayne's,https://maps.google.com/?cid=10037345221646604035&g_mp=Cidnb29nbGUubWFwcy5wbGFjZXMudjEuUGxhY2VzLlNlYXJjaFRleHQQAhgEIAA,Hollywood,"1611 N El Centro Ave, Los Angeles, CA 90028, USA","34.100267,-118.323973","4 - 6pm /
$10 cocktails; $8 wines; $5-7 cans","4 - 6pm /
$10 cocktails; $8 wines; $5-7 cans","4 - 6pm /
$10 cocktails; $8 wines; $5-7 cans","4 - 6pm /
$10 cocktails; $8 wines; $5-7 cans","4 - 6pm /
$10 cocktails; $8 wines; $5-7 cans","4 - 6pm /
$10 cocktails; $8 wines; $5-7 cans","4 - 6pm /
$10 cocktails; $8 wines; $5-7 cans",DANCING,
Jay's Bar,https://maps.google.com/?cid=7264119175042115372&g_mp=Cidnb29nbGUubWFwcy5wbGFjZXMudjEuUGxhY2VzLlNlYXJjaFRleHQQAhgEIAA,Hollywood,"4321 Sunset Blvd, Los Angeles, CA 90029, USA","34.0952424,-118.2830158","4 - 7pm / 
$5 wells /
$7 select drafts","4 - 7pm / 
$5 wells /
$7 select drafts","4 - 7pm / 
$5 wells /
$7 select drafts","4 - 7pm / 
$5 wells /
$7 select drafts","4 - 7pm / 
$5 wells /
$7 select drafts",,,,
Mother Tongue,https://maps.google.com/?cid=14454867485310468324&g_mp=Cidnb29nbGUubWFwcy5wbGFjZXMudjEuUGxhY2VzLlNlYXJjaFRleHQQAhgEIAA,Hollywood,"960 N La Brea Ave 4th Floor, Los Angeles, CA 90038, USA","34.0883989,-118.3437201",,,"4 - 6pm /
$10 cocktails & wine; $5 beers; $4 - 8 bar bites","4 - 6pm /
$10 cocktails & wine; $5 beers; $4 - 8 bar bites","4 - 6pm /
$10 cocktails & wine; $5 beers; $4 - 8 bar bites","4 - 6pm /
$10 cocktails & wine; $5 beers; $4 - 8 bar bites","4 - 6pm /
$10 cocktails & wine; $5 beers; $4 - 8 bar bites",,
Power House,https://maps.google.com/?cid=11682698650544694459&g_mp=Cidnb29nbGUubWFwcy5wbGFjZXMudjEuUGxhY2VzLlNlYXJjaFRleHQQAhgEIAA,Hollywood,"1714 Highland Ave, Los Angeles, CA 90028, USA","34.10213,-118.3384633","4 - 7pm / 
$7 wells /
$9 Marg & Old Fashioned","4 - 7pm / 
$7 wells /
$9 Marg & Old Fashioned","4 - 7pm / 
$7 wells /
$9 Marg & Old Fashioned","4 - 7pm / 
$7 wells /
$9 Marg & Old Fashioned","4 - 7pm / 
$7 wells /
$9 Marg & Old Fashioned","4 - 7pm / 
$7 wells /
$9 Marg & Old Fashioned","4 - 7pm / 
$7 wells /
$9 Marg & Old Fashioned",,
Sunset Vinyl,https://maps.google.com/?cid=14062406171515063084&g_mp=Cidnb29nbGUubWFwcy5wbGFjZXMudjEuUGxhY2VzLlNlYXJjaFRleHQQAhgEIAA,Hollywood,"1521 Vine St, Los Angeles, CA 90028, USA","34.0988267,-118.3270184","7 - 8pm /
$5 wells","7 - 8pm /
$5 wells","7 - 8pm /
$5 wells","7 - 8pm /
$5 wells","7 - 8pm /
$5 wells","7 - 8pm /
$5 wells","7 - 8pm /
$5 wells",QUEUEING RECORDS,
The Well,https://maps.google.com/?cid=14278525344119121956&g_mp=Cidnb29nbGUubWFwcy5wbGFjZXMudjEuUGxhY2VzLlNlYXJjaFRleHQQAhgEIAA,Hollywood,"6255 Sunset Blvd, Los Angeles, CA 90028, USA","34.0985325,-118.3255669",5 - 8pm,"5-8pm / 
Trivia",5 - 8pm,5 - 8pm,5 - 8pm,,,JUKEBOX,
All Seasons Brewing,https://maps.google.com/?cid=1895768546188553684&g_mp=Cidnb29nbGUubWFwcy5wbGFjZXMudjEuUGxhY2VzLlNlYXJjaFRleHQQAhgEIAA,Mid-City / West Adams / Koreatown,"800 S La Brea Ave, Los Angeles, CA 90036, USA","34.0603894,-118.3444837",3pm-7pm / Beer & Shot Specials,3pm-7pm / Beer & Shot Specials,3pm-7pm / Beer & Shot Specials,3pm-7pm / Beer & Shot Specials,3pm-7pm / Beer & Shot Specials,,,SKEE-BALL,
Breakroom 86,https://maps.google.com/?cid=585944012083531389&g_mp=Cidnb29nbGUubWFwcy5wbGFjZXMudjEuUGxhY2VzLlNlYXJjaFRleHQQAhgEIAA,Mid-City / West Adams / Koreatown,"630 S Ardmore Ave, Los Angeles, CA 90010, USA","34.0622812,-118.3014419",,"9pm-10pm
BUY ONE GET ONE FREE DRINKS!","9pm-10pm
BUY ONE GET ONE FREE DRINKS!","9pm-10pm
BUY ONE GET ONE FREE DRINKS!",,,,,
Delicious Pizza,https://maps.google.com/?cid=7221154802553902263&g_mp=Cidnb29nbGUubWFwcy5wbGFjZXMudjEuUGxhY2VzLlNlYXJjaFRleHQQAhgEIAA,Mid-City / West Adams / Koreatown,"5419 W Adams Blvd, Los Angeles, CA 90016, USA","34.0326813,-118.360925",4 - 6pm; 50% off whole pizzas + draft and wine deals,4 - 6pm; 50% off whole pizzas + draft and wine deals,4 - 6pm; 50% off whole pizzas + draft and wine deals,4 - 6pm; 50% off whole pizzas + draft and wine deals,N/A,N/A,N/A,,
Escala,https://maps.google.com/?cid=17094329334952669336&g_mp=Cidnb29nbGUubWFwcy5wbGFjZXMudjEuUGxhY2VzLlNlYXJjaFRleHQQAhgEIAA,Mid-City / West Adams / Koreatown,"3451 W 6th St, Los Angeles, CA 90020, USA","34.0637517,-118.2968488","4 - 7pm; 11 - 1am
$7 Beer; $7 wines & wells; 
$7 old fashioneds; 
select food ","4 - 7pm; 11 - 1am
$7 Beer; $7 wines & wells; 
$7 old fashioneds; 
select food ","4 - 7pm; 11 - 1am
$7 Beer; $7 wines & wells; 
$7 old fashioneds; 
select food ","4 - 7pm; 11 - 1am
$7 Beer; $7 wines & wells; 
$7 old fashioneds; 
select food ","4 - 7pm
$7 Beer; $7 wines & wells; 
$7 old fashioneds; 
select food ","4 - 7pm
$7 Beer; $7 wines & wells; 
$7 old fashioneds; 
select food ","4 - 7pm; 11 - 1am
$7 Beer; $7 wines & wells; 
$7 old fashioneds; 
select food ",,
Founders Ale House,https://maps.google.com/?cid=8841327919080696438&g_mp=Cidnb29nbGUubWFwcy5wbGFjZXMudjEuUGxhY2VzLlNlYXJjaFRleHQQAhgEIAA,Mid-City / West Adams / Koreatown,"8771 W Pico Blvd, Los Angeles, CA 90035, USA","34.0549248,-118.3832419","12 - 7pm / 
$5 HH food
 $12 cocktails & 
$6 beer","12 - 7pm / 
$5 HH food
 $12 cocktails & 
$6 beer","12 - 7pm / 
$5 HH food
 $12 cocktails & 
$6 beer","12 - 7pm / 
$5 HH food
 $12 cocktails & 
$6 beer","12 - 7pm / 
$5 HH food
 $12 cocktails & 
$6 beer","12 - 7pm / 
$5 HH food
 $12 cocktails & 
$6 beer","12 - 7pm / 
$5 HH food
 $12 cocktails & 
$6 beer","SPORTS WATCHIN'; 
NFL BLITZ",
Frank 'n Hanks,https://maps.google.com/?cid=3801972435844512654&g_mp=Cidnb29nbGUubWFwcy5wbGFjZXMudjEuUGxhY2VzLlNlYXJjaFRleHQQAhgEIAA,Mid-City / West Adams / Koreatown,"518 S Western Ave, Los Angeles, CA 90020, USA","34.0647274,-118.3089035","6pm-8pm
$4 PBR Tall Boys","6pm-8pm
$4 PBR Tall Boys","6pm-8pm
$4 PBR Tall Boys","6pm-8pm
$4 PBR Tall Boys","6pm-8pm
$4 PBR Tall Boys","6pm-8pm
$4 PBR Tall Boys","6pm-8pm
$4 PBR Tall Boys",POOL TABLE,Y
The Bar at Johnny's,https://maps.google.com/?cid=10667033404610405541&g_mp=Cidnb29nbGUubWFwcy5wbGFjZXMudjEuUGxhY2VzLlNlYXJjaFRleHQQAhgEIAA,Mid-City / West Adams / Koreatown,"4327 W Adams Blvd, Los Angeles, CA 90018, USA","34.0328059,-118.3329372",,,,,,,,,
Little Bar,https://maps.google.com/?cid=3809388952540120318&g_mp=Cidnb29nbGUubWFwcy5wbGFjZXMudjEuUGxhY2VzLlNlYXJjaFRleHQQAhgEIAA,Mid-City / West Adams / Koreatown,"757 S S La Brea Ave, Los Angeles, CA 90036, USA","34.0658603,-118.3440364","2 - 8pm / 
$7 Wells, Beer & Wine","2 - 8pm / 
$7 Wells, Beer & Wine","2 - 8pm / 
$7 Wells, Beer & Wine","2 - 8pm / 
$7 Wells, Beer & Wine","2 - 8pm / 
$7 Wells, Beer & Wine","2 - 8pm / 
$7 Wells, Beer & Wine","2 - 8pm / 
$7 Wells, Beer & Wine",,
Lobby Bar @ The Line,https://maps.google.com/?cid=137007065060838895&g_mp=Cidnb29nbGUubWFwcy5wbGFjZXMudjEuUGxhY2VzLlNlYXJjaFRleHQQAhgEIAA,Mid-City / West Adams / Koreatown,"3515 Wilshire Blvd, Los Angeles, CA 90010, USA","34.062113,-118.3012161","3pm-7pm
$8 well/beer/wine","3pm-7pm
$8 well/beer/wine","3pm-7pm
$8 well/beer/wine","3pm-7pm
$8 well/beer/wine","3pm-7pm
$8 well/beer/wine","3pm-7pm
$8 well/beer/wine","3pm-7pm
$8 well/beer/wine",,
The Normandie Club,https://maps.google.com/?cid=10247393589135687419&g_mp=Cidnb29nbGUubWFwcy5wbGFjZXMudjEuUGxhY2VzLlNlYXJjaFRleHQQAhgEIAA,Mid-City / West Adams / Koreatown,"3612 W 6th St, Los Angeles, CA 90020, USA","34.0634767,-118.3008726","6 - 8pm
$12 House Cocktails; $7 Bartender’s Choice","6 - 8pm
$12 House Cocktails; $7 Bartender’s Choice","6 - 8pm
$12 House Cocktails; $7 Bartender’s Choice","6 - 8pm
$12 House Cocktails; $7 Bartender’s Choice","6 - 8pm
$12 House Cocktails; $7 Bartender’s Choice","6 - 8pm
$12 House Cocktails; $7 Bartender’s Choice","6 - 8pm
$12 House Cocktails; $7 Bartender’s Choice",,
Arts District Brewing Co,https://maps.google.com/?cid=14572293836080270156&g_mp=Cidnb29nbGUubWFwcy5wbGFjZXMudjEuUGxhY2VzLlNlYXJjaFRleHQQAhgEIAA,Downtown LA,"828 Traction Ave, Los Angeles, CA 90013, USA","34.0447118,-118.2352764","3 - 7pm / 
$5 select beers / 
FREE SKEEBALL","3 - 7pm / 
$5 select beers / $7 wells","3 - 7pm / 
$5 select beers / $7 wells","3 - 7pm / 
$5 select beers / $7 wells","3 - 7pm / 
$5 select beers / $7 wells",N/A,N/A,"Skeeball (free all Mon); 
SPORTS WATCHIN'",
Beelman's Pub,https://maps.google.com/?cid=11023777706752314921&g_mp=Cidnb29nbGUubWFwcy5wbGFjZXMudjEuUGxhY2VzLlNlYXJjaFRleHQQAhgEIAA,Downtown LA,"600 S Spring St, Los Angeles, CA 90014, USA","34.0455701,-118.2509263","4 - 7pm / 
$11 Cocktails; $8 wine; $6 beer; Select Food & Apps","4 - 7pm / 
$11 Cocktails; $8 wine; $6 beer; Select Food & Apps","4 - 7pm / 
$11 Cocktails; $8 wine; $6 beer; Select Food & Apps","4 - 7pm / 
$11 Cocktails; $8 wine; $6 beer; Select Food & Apps","4 - 7pm / 
$11 Cocktails; $8 wine; $6 beer; Select Food & Apps",N/A,N/A,,
Broken Shaker,https://maps.google.com/?cid=1170426342579754801&g_mp=Cidnb29nbGUubWFwcy5wbGFjZXMudjEuUGxhY2VzLlNlYXJjaFRleHQQAhgEIAA,Downtown LA,"416 W 8th St, Los Angeles, CA 90014, USA","34.0447551,-118.2564556","3 - 6pm / 
$14 Cocktails; $10 wine; $6 beer; Select Food & Apps","3 - 6pm / 
$14 Cocktails; $10 wine; $6 beer; Select Food & Apps","3 - 6pm / 
$14 Cocktails; $10 wine; $6 beer; Select Food & Apps","3 - 6pm / 
$14 Cocktails; $10 wine; $6 beer; Select Food & Apps",N/A,N/A,N/A,VIEWS,
Everson Royce Bar,https://maps.google.com/?cid=3371906459490486129&g_mp=Cidnb29nbGUubWFwcy5wbGFjZXMudjEuUGxhY2VzLlNlYXJjaFRleHQQAhgEIAA,Downtown LA,"1936 E 7th St, Los Angeles, CA 90021, USA","34.034389,-118.2325991",,"4 - 6pm / 
$11 cocktails; $6-7 beers / 
$8 wine /
$10ish food","4 - 6pm / 
$11 cocktails; $6-7 beers / 
$8 wine /
$10ish food","4 - 6pm / 
$11 cocktails; $6-7 beers / 
$8 wine /
$10ish food","4 - 6pm / 
$11 cocktails; $6-7 beers / 
$8 wine /
$10ish food","2 - 6pm / 
$11 cocktails; $6-7 beers / 
$8 wine /
$10ish food","2 - 6pm / 
$11 cocktails; $6-7 beers / 
$8 wine /
$10ish food",OUTDOOR PATIO,
Far Bar,https://maps.google.com/?cid=5967468054412822445&g_mp=Cidnb29nbGUubWFwcy5wbGFjZXMudjEuUGxhY2VzLlNlYXJjaFRleHQQAhgEIAA,Downtown LA,"347 1st St, Los Angeles, CA 90012, USA","34.04974869999999,-118.2394595","3 - 7pm / 
$11 Cocktails; Select Food & Apps","3 - 7pm / 
$11 Cocktails; Select Food & Apps","3 - 7pm / 
$11 Cocktails; Select Food & Apps","3 - 7pm / 
$11 Cocktails; Select Food & Apps","3 - 7pm / 
$11 Cocktails; Select Food & Apps",N/A,N/A,SPORTS WATCHIN',
Golden Gopher,https://maps.google.com/?cid=10228531836108658801&g_mp=Cidnb29nbGUubWFwcy5wbGFjZXMudjEuUGxhY2VzLlNlYXJjaFRleHQQAhgEIAA,Downtown LA,"417 W 8th St, Los Angeles, CA 90014, USA","34.0450353,-118.2562027","3 - 8pm / 
$9 Cocktails; $6 wells; $5 beer","3 - 8pm / 
$9 Cocktails; $6 wells; $5 beer","3 - 8pm / 
$9 Cocktails; $6 wells; $5 beer","3 - 8pm / 
$9 Cocktails; $6 wells; $5 beer","3 - 8pm / 
$9 Cocktails; $6 wells; $5 beer","3 - 8pm / 
$9 Cocktails; $6 wells; $5 beer","3 - 8pm / 
$9 Cocktails; $6 wells; $5 beer","POOL TABLE; 
OUTDOOR PATIO",
Joey DTLA,https://maps.google.com/?cid=12586880607528883189&g_mp=Cidnb29nbGUubWFwcy5wbGFjZXMudjEuUGxhY2VzLlNlYXJjaFRleHQQAhgEIAA,Downtown LA,"700 W 7th St Ste S430, Los Angeles, CA 90017, USA","34.0483595,-118.2587597","3 - 6pm / 
$4 off drinks and dishes","3 - 6pm / 
$4 off drinks and dishes","3 - 6pm / 
$4 off drinks and dishes","3 - 6pm / 
$4 off drinks and dishes","3 - 6pm / 
$4 off drinks and dishes","3 - 6pm / 
$4 off drinks and dishes","3 - 6pm / 
$4 off drinks and dishes",OUTDOOR PATIO,
Perch,https://maps.google.com/?cid=3866628448079004996&g_mp=Cidnb29nbGUubWFwcy5wbGFjZXMudjEuUGxhY2VzLlNlYXJjaFRleHQQAhgEIAA,Downtown LA,"448 S Hill St, Los Angeles, CA 90013, USA","34.0488477,-118.2514257","4 - 6pm / 
$9 Cocktails; $7 wine; $5 beer; Select Food & Apps","4 - 6pm / 
$9 Cocktails; $7 wine; $5 beer; Select Food & Apps","4 - 6pm / 
$9 Cocktails; $7 wine; $5 beer; Select Food & Apps","4 - 6pm / 
$9 Cocktails; $7 wine; $5 beer; Select Food & Apps","4 - 6pm / 
$9 Cocktails; $7 wine; $5 beer; Select Food & Apps",N/A,N/A,VIEWS,
33 Taps,https://maps.google.com/?cid=1429498327596697899&g_mp=Cidnb29nbGUubWFwcy5wbGFjZXMudjEuUGxhY2VzLlNlYXJjaFRleHQQAhgEIAA,Downtown LA,"1240 S Figueroa St, Los Angeles, CA 90015, USA","34.0410951,-118.2670827","3 - 7pm
$5 33T beers / $7 wells / $8 cocktails / $9 food apps","3 - 7pm
$5 33T beers / $7 wells / $8 cocktails / $9 food apps / TACO TUES all day $8 margs + $9 three tacos","3 - 7pm
$5 33T beers / $7 wells / $8 cocktails / $9 food apps","3 - 7pm
$5 33T beers / $7 wells / $8 cocktails / $9 food apps","3 - 7pm
$5 33T beers / $7 wells / $8 cocktails / $9 food apps","9:30pm - close
$5 33T beers / $7 wells / $8 cocktails / $9 food apps","9:30pm - close
$5 33T beers / $7 wells / $8 cocktails / $9 food apps",SPORTS WATCHIN',
Bigfoot West,https://maps.google.com/?cid=11465172617815465054&g_mp=Cidnb29nbGUubWFwcy5wbGFjZXMudjEuUGxhY2VzLlNlYXJjaFRleHQQAhgEIAA,Culver City / West LA,"10939 Venice Blvd., Los Angeles, CA 90034, USA","34.0155795,-118.413184","5 - 8pm /
 $6 cocktails & draft beer","5 - 8pm /
 $6 cocktails & 
draft beer
Trivia 9pm","5 - 8pm /
 $6 cocktails & draft beer","5 - 8pm /
 $6 cocktails & draft beer","5 - 8pm /
 $6 cocktails & draft beer","5 - 8pm /
 $6 cocktails & draft beer","5 - 8pm /
 $6 cocktails & draft beer",,
Maple Block Meat Co.,https://maps.google.com/?cid=1606745421131897708&g_mp=Cidnb29nbGUubWFwcy5wbGFjZXMudjEuUGxhY2VzLlNlYXJjaFRleHQQAhgEIAA,Culver City / West LA,"3973 Sepulveda Blvd, Culver City, CA 90230, USA","34.0092418,-118.4146691","5 - 6:30pm
$5 House Cocktails; $5 Beer; $6 Wine; $8 Wings","5 - 6:30pm
$5 House Cocktails; $5 Beer; $6 Wine; $8 Wings","5 - 6:30pm
$5 House Cocktails; $5 Beer; $6 Wine; $8 Wings","5 - 6:30pm
$5 House Cocktails; $5 Beer; $6 Wine; $8 Wings",N/A,N/A,N/A,,
Nickel Mine,https://maps.google.com/?cid=14167202315900867170&g_mp=Cidnb29nbGUubWFwcy5wbGFjZXMudjEuUGxhY2VzLlNlYXJjaFRleHQQAhgEIAA,Culver City / West LA,"11363 Santa Monica Blvd, Los Angeles, CA 90025, USA","34.0460468,-118.4507368","5 - 8pm / 
$6 drinks","5 - 8pm / 
$6 drinks","5 - 8pm / 
$6 drinks","5 - 8pm / 
$6 drinks","5 - 8pm / 
$6 drinks",N/A,"4 - 8pm / 
$6 drinks",TABLE GAMES; SPORTS-WATCHIN',
Oldfield's Liquor Room,https://maps.google.com/?cid=10689908391870387112&g_mp=Cidnb29nbGUubWFwcy5wbGFjZXMudjEuUGxhY2VzLlNlYXJjaFRleHQQAhgEIAA,Culver City / West LA,"10899 Venice Blvd. W, Los Angeles, CA 90034, USA","34.0163134,-118.4118608","5 - 7pm /
 $10 cocktails, 
$9 wine, 
$6 draft beer","5 - 7pm /
 $10 cocktails, 
$9 wine, 
$6 draft beer","5 - 7pm /
 $10 cocktails, 
$9 wine, 
$6 draft beer
Jazz Trio","5 - 7pm /
 $10 cocktails, 
$9 wine, 
$6 draft beer
Jazz Trio","5 - 7pm /
 $10 cocktails, 
$9 wine, 
$6 draft beer","5 - 7pm /
 $10 cocktails, 
$9 wine, 
$6 draft beer","5 - 7pm /
 $10 cocktails, 
$9 wine, 
$6 draft beer",LIVE MUSIC,
Q's Billiards,https://maps.google.com/?cid=6049200821890325220&g_mp=Cidnb29nbGUubWFwcy5wbGFjZXMudjEuUGxhY2VzLlNlYXJjaFRleHQQAhgEIAA,Culver City / West LA,"11835 Wilshire Blvd, Los Angeles, CA 90025, USA","34.0477046,-118.4634104","4 - 7pm / 
$2 off beers + wells; Select food specials","4 - 7pm / 
$2 off beers + wells; Select food specials","4 - 7pm / 
$2 off beers + wells; Select food specials","4 - 7pm / 
$2 off beers + wells; Select food specials","4 - 7pm / 
$2 off beers + wells; Select food specials",,,"POOL TABLE; 
OUTDOOR PATIO; SPORTS WATCHIN'",
Cabo Cantina,https://maps.google.com/?cid=13584409091586557794&g_mp=Cidnb29nbGUubWFwcy5wbGFjZXMudjEuUGxhY2VzLlNlYXJjaFRleHQQAhgEIAA,Hollywood,"6669 Hollywood Blvd, Los Angeles, CA 90028, USA","34.1018302,-118.3356221","4 - 8pm / 10:30p - 12:30a /
 2-for-1 HH drinks","4 - 8pm / 10:30p - 12:30a /
 2-for-1 HH drinks","4 - 8pm / 10:30p - 12:30a /
 2-for-1 HH drinks","4 - 8pm / 10:30p - 12:30a /
 2-for-1 HH drinks","4 - 8pm / 10:30p - 12:30a /
 2-for-1 HH drinks","4 - 8pm / 10:30p - 12:30a /
 2-for-1 HH drinks","4 - 8pm / 10:30p - 12:30a /
 2-for-1 HH drinks", 
Duke's Malibu,https://maps.google.com/?cid=1513497510111564432&g_mp=Cidnb29nbGUubWFwcy5wbGFjZXMudjEuUGxhY2VzLlNlYXJjaFRleHQQAhgEIAA,Santa Monica / Venice,"21150 Pacific Coast Hwy, Malibu, CA 90265, USA","34.0364078,-118.6359695","4- 9pm
$5 Draft Beer; $7 Wine; $2 Off All Appetizers, $4 Off Select Entrees","4- 6pm
$5 Draft Beer; $7 Wine; $2 Off All Appetizers, $4 Off Select Entrees; TACO TUESDAY","4- 6pm
$5 Draft Beer; $7 Wine; $2 Off All Appetizers, $4 Off Select Entrees","4- 6pm
$5 Draft Beer; $7 Wine; $2 Off All Appetizers, $4 Off Select Entrees","4- 6pm
$5 Draft Beer; $7 Wine; $2 Off All Appetizers, $4 Off Select Entrees",N/A,N/A,,
Gin Rummy,https://maps.google.com/?cid=10688231107464481664&g_mp=Cidnb29nbGUubWFwcy5wbGFjZXMudjEuUGxhY2VzLlNlYXJjaFRleHQQAhgEIAA,Santa Monica / Venice,"822 Washington Blvd, Marina Del Rey, CA 90292, USA","33.9880768,-118.4518361","4- 6pm
$10 daiquiris; $8 wines; $5 beer; $8 - 10 bar bites","4- 6pm
$10 daiquiris; $8 wines; $5 beer; $8 - 10 bar bites","4- 6pm
$10 daiquiris; $8 wines; $5 beer; $8 - 10 bar bites","4- 6pm
$10 daiquiris; $8 wines; $5 beer; $8 - 10 bar bites","4- 6pm
$10 daiquiris; $8 wines; $5 beer; $8 - 10 bar bites","4- 6pm
$10 daiquiris; $8 wines; $5 beer; $8 - 10 bar bites","4- 6pm
$10 daiquiris; $8 wines; $5 beer; $8 - 10 bar bites",,
The Misfit,https://maps.google.com/?cid=730683559197686151&g_mp=Cidnb29nbGUubWFwcy5wbGFjZXMudjEuUGxhY2VzLlNlYXJjaFRleHQQAhgEIAA,Santa Monica / Venice,"225 Santa Monica Blvd, Santa Monica, CA 90401, USA","34.0154575,-118.4966569","12pm-7pm
50% off cocktails, spirits & wines","12pm-7pm
50% off cocktails, spirits & wines","12pm-7pm
50% off cocktails, spirits & wines","12pm-7pm
50% off cocktails, spirits & wines","12pm-7pm
50% off cocktails, spirits & wines","12pm-7pm
50% off cocktails, spirits & wines","12pm-7pm
50% off cocktails, spirits & wines",,Y
The Santa Monica Whaler,https://maps.google.com/?cid=15139348952383136297&g_mp=Cidnb29nbGUubWFwcy5wbGFjZXMudjEuUGxhY2VzLlNlYXJjaFRleHQQAhgEIAA,Santa Monica / Venice,"101 Broadway, Santa Monica, CA 90401, USA","34.0129883,-118.4964563",3pm-6pm / Patio HH: 12pm-3pm,3pm-6pm / Patio HH: 12pm-3pm,3pm-6pm / Patio HH: 12pm-3pm,3pm-6pm / Patio HH: 12pm-3pm,N/A,N/A,N/A,DANCING,Y (by Makai)
The Waterfront Venice,https://maps.google.com/?cid=7030651404383979618&g_mp=Cidnb29nbGUubWFwcy5wbGFjZXMudjEuUGxhY2VzLlNlYXJjaFRleHQQAhgEIAA,Santa Monica / Venice,"205 Ocean Front Walk, Venice, CA 90291, USA","33.995139,-118.4807134",N/A,N/A,"3-7pm
BUY ONE, GET ONE FREE","3-7pm
BUY ONE, GET ONE FREE","3-7pm
BUY ONE, GET ONE FREE",N/A,N/A,,N
Tavern on Main,https://maps.google.com/?cid=3378478415113761689&g_mp=Cidnb29nbGUubWFwcy5wbGFjZXMudjEuUGxhY2VzLlNlYXJjaFRleHQQAhgEIAA,Santa Monica / Venice,"123 Main St, El Segundo, CA 90245, USA","33.9173185,-118.4161078","4- 6pm
$9 cocktails; $7 wells; $6 drafts; $4 -10 bar bites","4- 6pm
$9 cocktails; $7 wells; $6 drafts; $4 -10 bar bites","4- 6pm
$9 cocktails; $7 wells; $6 drafts; $4 -10 bar bites","4- 6pm
$9 cocktails; $7 wells; $6 drafts; $4 -10 bar bites","4- 6pm
$9 cocktails; $7 wells; $6 drafts; $4 -10 bar bites","4- 6pm
$9 cocktails; $7 wells; $6 drafts; $4 -10 bar bites","4- 6pm
$9 cocktails; $7 wells; $6 drafts; $4 -10 bar bites",SPORTS WATCHIN'; OUTDOOR PATIO w/ TVs,N
Bacari Silverlake,https://maps.google.com/?cid=15759891190649939146&g_mp=Cidnb29nbGUubWFwcy5wbGFjZXMudjEuUGxhY2VzLlNlYXJjaFRleHQQAhgEIAA,Silverlake / Los Feliz / Atwater & Virgil Village,"3626 Sunset Blvd, Los Angeles, CA 90026, USA","34.0901197,-118.2775804","5 - 7pm
$8 wine/sangria; $6 beers /
$2 off food","5 - 7pm
$8 wine/sangria; $6 beers /
$2 off food","5 - 7pm
$8 wine/sangria; $6 beers /
$2 off food","5 - 7pm
$8 wine/sangria; $6 beers /
$2 off food","4 - 7pm
$8 wine/sangria; $6 beers /
$2 off food",N/A,N/A,,
Barcade,https://maps.google.com/?cid=3377500441821156305&g_mp=Cidnb29nbGUubWFwcy5wbGFjZXMudjEuUGxhY2VzLlNlYXJjaFRleHQQAhgEIAA,Glendale / Pasadena / Eagle Rock / HLP,"5684 York Blvd, Los Angeles, CA 90042, USA","34.1185236,-118.1941408","4 - 6pm /
$1 off beer, wine, & well","4 - 6pm /
$1 off beer, wine, & well","4 - 6pm /
$1 off beer, wine, & well","4 - 6pm /
$1 off beer, wine, & well","4 - 6pm /
$1 off beer, wine, & well",N/A,N/A,ARCADE GAMES,
Bar Bandini,https://maps.google.com/?cid=12407874994181303694&g_mp=Cidnb29nbGUubWFwcy5wbGFjZXMudjEuUGxhY2VzLlNlYXJjaFRleHQQAhgEIAA,Silverlake / Los Feliz / Atwater & Virgil Village,"2150 Sunset Blvd, Los Angeles, CA 90026, USA","34.077304,-118.265491","4 - 6pm
$8 Select Wine; $5 Select Beer; $12 Cheese Board","4 - 6pm
$8 Select Wine; $5 Select Beer; $12 Cheese Board","4 - 6pm
$8 Select Wine; $5 Select Beer; $12 Cheese Board","4 - 6pm
$8 Select Wine; $5 Select Beer; $12 Cheese Board","4 - 6pm
$8 Select Wine; $5 Select Beer; $12 Cheese Board",N/A,N/A,,
Bar Henry,https://maps.google.com/?cid=6361717150947778879&g_mp=Cidnb29nbGUubWFwcy5wbGFjZXMudjEuUGxhY2VzLlNlYXJjaFRleHQQAhgEIAA,Silverlake / Los Feliz / Atwater & Virgil Village,"1228 Sunset Blvd, Los Angeles, CA 90026, USA","34.0690176,-118.2507893","5 - 7pm
$9 cocktails; $5 canned beers","5 - 7pm
$9 cocktails; $5 canned beers","5 - 7pm
$9 cocktails; $5 canned beers","5 - 7pm
$9 cocktails; $5 canned beers","5 - 7pm
$9 cocktails; $5 canned beers","5 - 7pm
$9 cocktails; $5 canned beers","5 - 7pm
$9 cocktails; $5 canned beers",LATE DJ / MUSIC,
Bigfoot Lodge,https://maps.google.com/?cid=2201558164065068437&g_mp=Cidnb29nbGUubWFwcy5wbGFjZXMudjEuUGxhY2VzLlNlYXJjaFRleHQQAhgEIAA,Silverlake / Los Feliz / Atwater & Virgil Village,"3172 Los Feliz Blvd, Los Angeles, CA 90039, USA","34.1234893,-118.2679671","5 - 8pm /
 $6 cocktails & draft beer","5 - 8pm /
 $6 cocktails & draft beer","5 - 8pm /
 $6 cocktails & 
draft beer
Trivia 9pm","5 - 8pm /
 $6 cocktails & draft beer","5 - 8pm /
 $6 cocktails & draft beer","5 - 8pm /
 $6 cocktails & draft beer","5 - 8pm /
 $6 cocktails & draft beer",,
Cha Cha Lounge,https://maps.google.com/?cid=17283973382231261846&g_mp=Cidnb29nbGUubWFwcy5wbGFjZXMudjEuUGxhY2VzLlNlYXJjaFRleHQQAhgEIAA,Silverlake / Los Feliz / Atwater & Virgil Village,"2375 Glendale Blvd, Los Angeles, CA 90039, USA","34.0993554,-118.2594917","5 - 9pm /
 $6 wells & 
$5 draft PBR","5 - 9pm /
 $6 wells & 
$5 draft PBR","5 - 9pm /
 $6 wells & 
$5 draft PBR","5 - 9pm /
 $6 wells & 
$5 draft PBR","5 - 9pm /
 $6 wells & 
$5 draft PBR","5 - 9pm /
 $6 wells & 
$5 draft PBR","5 - 9pm /
 $6 wells & 
$5 draft PBR",FOOSBALL TABLES; PHOTOBOOTH,
Club Tee Gee,https://maps.google.com/?cid=9819539691371869890&g_mp=Cidnb29nbGUubWFwcy5wbGFjZXMudjEuUGxhY2VzLlNlYXJjaFRleHQQAhgEIAA,Silverlake / Los Feliz / Atwater & Virgil Village,"3210 Glendale Blvd, Los Angeles, CA 90039, USA","34.1176757,-118.2607708",Open - 7pm,Open - 7pm,Open - 7pm,Open - 7pm,Open - 7pm,Open - 7pm,Open - 7pm,"OUTDOOR PATIO, EVENTS & MUSIC;",
Encanto,https://maps.google.com/?cid=17406536592830502452&g_mp=Cidnb29nbGUubWFwcy5wbGFjZXMudjEuUGxhY2VzLlNlYXJjaFRleHQQAhgEIAA,Silverlake / Los Feliz / Atwater & Virgil Village,"2121 Hillhurst Ave, Los Angeles, CA 90027, USA","34.1106391,-118.2877096","4 - 6pm /
 $6 beer / 10 cocktails & 
$10 tacos","4 - 6pm /
 $10 cocktails & 
$10 tacos","4 - 6pm /
 $6 beer / 10 cocktails & 
$10 tacos","4 - 6pm /
 $6 beer / 10 cocktails & 
$10 tacos","4 - 6pm /
 $6 beer / 10 cocktails & 
$10 tacos","4 - 6pm /
 $6 beer / 10 cocktails & 
$10 tacos","4 - 6pm /
 $6 beer / 10 cocktails & 
$10 tacos","""COMEDY, EVENTS & MUSIC;
OUTDOOR PATIO""",
The Friend,https://maps.google.com/?cid=17635646340355094647&g_mp=Cidnb29nbGUubWFwcy5wbGFjZXMudjEuUGxhY2VzLlNlYXJjaFRleHQQAhgEIAA,Silverlake / Los Feliz / Atwater & Virgil Village,"2611 Hyperion Ave, Los Angeles, CA 90027, USA","34.1060161,-118.2728363","7 - 9pm /
 $8 cocktails; $6 wine; $5 beer","7 - 9pm /
 $8 cocktails; $6 wine; $5 beer","7 - 9pm /
 $8 cocktails; $6 wine; $5 beer","7 - 9pm /
 $8 cocktails; $6 wine; $5 beer","7 - 9pm /
 $8 cocktails; $6 wine; $5 beer","7 - 9pm /
 $8 cocktails; $6 wine; $5 beer","7 - 9pm /
 $8 cocktails; $6 wine; $5 beer",DJ,
The Greyhound,https://maps.google.com/?cid=4303115388649222402&g_mp=Cidnb29nbGUubWFwcy5wbGFjZXMudjEuUGxhY2VzLlNlYXJjaFRleHQQAhgEIAA,Glendale / Pasadena / Eagle Rock / HLP,"1716 E 7th St, Los Angeles, CA 90021, USA","34.0340225,-118.2355761","3 - 6:30pm + ""Blue Hour"" during all Dodgers games /
 $8 wells; $6 beers; $2 off cocktails + Select Foods","3 - 6:30pm + ""Blue Hour"" during all Dodgers games /
 $8 wells; $6 beers; $2 off cocktails + Select Foods","3 - 6:30pm + ""Blue Hour"" during all Dodgers games /
 $8 wells; $6 beers; $2 off cocktails + Select Foods","3 - 6:30pm + ""Blue Hour"" during all Dodgers games /
 $8 wells; $6 beers; $2 off cocktails + Select Foods","3 - 6:30pm + ""Blue Hour"" during all Dodgers games /
 $8 wells; $6 beers; $2 off cocktails + Select Foods","""Blue Hour"" during all Dodgers games","""Blue Hour"" during all Dodgers games",SPORTS WATCHIN',
La Cuevita,https://maps.google.com/?cid=8784638244326377784&g_mp=Cidnb29nbGUubWFwcy5wbGFjZXMudjEuUGxhY2VzLlNlYXJjaFRleHQQAhgEIAA,Glendale / Pasadena / Eagle Rock / HLP,"5922 N Figueroa St, Los Angeles, CA 90042, USA","34.1107177,-118.190118","3 - 8pm
$7 cocktails","3 - 8pm
$7 cocktails","3 - 8pm
$7 cocktails","3 - 8pm
$7 cocktails","3 - 8pm
$7 cocktails","3 - 8pm
$7 cocktails","3 - 8pm
$7 cocktails",JAZZ ON SUNDAYS,
Link N Hops,https://maps.google.com/?cid=2203541807552322650&g_mp=Cidnb29nbGUubWFwcy5wbGFjZXMudjEuUGxhY2VzLlNlYXJjaFRleHQQAhgEIAA,Silverlake / Los Feliz / Atwater & Virgil Village,"3111 Glendale Blvd #3, Los Angeles, CA 90039, USA","34.1164924,-118.263071","3 - 7pm
$2 off all draft beers","3 - 7pm
$2 off all draft beers","3 - 7pm
$2 off all draft beers","3 - 7pm
$2 off all draft beers",N/A,N/A,N/A,,
High Low,https://maps.google.com/?cid=5014182382767265070&g_mp=Cidnb29nbGUubWFwcy5wbGFjZXMudjEuUGxhY2VzLlNlYXJjaFRleHQQAhgEIAA,Silverlake / Los Feliz / Atwater & Virgil Village,"3000 Los Feliz Blvd, Los Angeles, CA 90039, USA","34.1252165,-118.2646957","4 - 7pm /
 $9 cocktails & 
$7 beer","4 - 7pm /
 $9 cocktails & 
$7 beer","4 - 7pm /
 $9 cocktails & 
$7 beer","4 - 7pm /
 $9 cocktails & 
$7 beer","4 - 7pm /
 $9 cocktails & 
$7 beer","1 - 5pm /
 $9 cocktails & 
$7 beer","1 - 5pm /
 $9 cocktails & 
$7 beer",BILLIARDS; SPORTS WATCHIN; DJ & CONCERT EVENTS,
HOME,https://maps.google.com/?cid=14748255293556726053&g_mp=Cidnb29nbGUubWFwcy5wbGFjZXMudjEuUGxhY2VzLlNlYXJjaFRleHQQAhgEIAA,Silverlake / Los Feliz / Atwater & Virgil Village,"1760 Hillhurst Ave, Los Angeles, CA 90027, USA","34.1032069,-118.2868581","3 - 7pm
$9 beer, wine & cocktails / $9 food apps","3 - 7pm
$9 beer, wine & cocktails / $9 food apps","ALL DAY
$9 beer, wine & cocktails / $9 food apps","3 - 7pm
$9 beer, wine & cocktails / $9 food apps","3 - 7pm
$9 beer, wine & cocktails / $9 food apps",N/A,"5pm - Close
$9 beer, wine & cocktails / $9 food apps",,
Justine's Wine Bar,https://maps.google.com/?cid=3526409138723427663&g_mp=Cidnb29nbGUubWFwcy5wbGFjZXMudjEuUGxhY2VzLlNlYXJjaFRleHQQAhgEIAA,Silverlake / Los Feliz / Atwater & Virgil Village,"2029 Blake Ave #102, Los Angeles, CA 90039, USA","34.1025069,-118.2435712",N/A,"5 - 7pm
$12 cocktails / $5 select beer / food","ALL NIGHT
$12 cocktails / $5 select beer / food","5 - 7pm
$12 cocktails / $5 select beer / food","5 - 7pm
$12 cocktails / $5 select beer / food","5 - 7pm
$12 cocktails / $5 select beer / food","5 - 7pm
$12 cocktails / $5 select beer / food",,
Kombu Sushi,https://maps.google.com/?cid=10013223727216139666&g_mp=Cidnb29nbGUubWFwcy5wbGFjZXMudjEuUGxhY2VzLlNlYXJjaFRleHQQAhgEIAA,Silverlake / Los Feliz / Atwater & Virgil Village,"3719 Sunset Blvd, Los Angeles, CA 90026, USA","34.0908743,-118.2780828","3 - 6pm
$5 beer & sake / $10 wine & cocktails / $7 hand rolls","3 - 6pm
$5 beer & sake / $10 wine & cocktails / $7 hand rolls","3 - 6pm
$5 beer & sake / $10 wine & cocktails / $7 hand rolls","3 - 6pm
$5 beer & sake / $10 wine & cocktails / $7 hand rolls","3 - 6pm
$5 beer & sake / $10 wine & cocktails / $7 hand rolls",,,,
Mess Hall,https://maps.google.com/?cid=17176651680219073598&g_mp=Cidnb29nbGUubWFwcy5wbGFjZXMudjEuUGxhY2VzLlNlYXJjaFRleHQQAhgEIAA,Silverlake / Los Feliz / Atwater & Virgil Village,"4500 Los Feliz Blvd, Los Angeles, CA 90027, USA","34.111469,-118.2876817","3 - 6pm
$6 beer & sake / $10 cocktails / $7 select food","3 - 6pm
$6 beer & sake / $10 cocktails / $7 select food","3 - 6pm
$6 beer & sake / $10 cocktails / $7 select food","3 - 6pm
$6 beer & sake / $10 cocktails / $7 select food","3 - 6pm
$6 beer & sake / $10 cocktails / $7 select food",N/A,N/A,,
Morrison,https://maps.google.com/?cid=3274745315903570558&g_mp=Cidnb29nbGUubWFwcy5wbGFjZXMudjEuUGxhY2VzLlNlYXJjaFRleHQQAhgEIAA,Silverlake / Los Feliz / Atwater & Virgil Village,"3179 Los Feliz Blvd, Los Angeles, CA 90039, USA","34.1237549,-118.26872","12 - 6pm / 
$9 HH food
 $9 cocktails & 
$6 beer","12 - 6pm  /
50% off Tequila Tues","12 - 6pm / 
$9 HH food
 $9 cocktails & 
$6 beer","12 - 6pm / 
$9 HH food
 $9 cocktails & 
$6 beer","12 - 6pm / 
$9 HH food
 $9 cocktails & 
$6 beer","12 - 6pm / 
$9 HH food
 $9 cocktails & 
$6 beer","2 - 6pm / 
$9 HH food
 $9 cocktails & 
$6 beer",SPORTS WATCHIN',
Red Lion Tavern,https://maps.google.com/?cid=6846299548861410520&g_mp=Cidnb29nbGUubWFwcy5wbGFjZXMudjEuUGxhY2VzLlNlYXJjaFRleHQQAhgEIAA,Silverlake / Los Feliz / Atwater & Virgil Village,"2366 Glendale Blvd, Los Angeles, CA 90039, USA","34.0992198,-118.258945","12 - 6pm / 
$6 - 7 draft / wine
$6 well liquor","12 - 6pm / 
$6 - 7 draft beer
$6 well liquor","12 - 6pm / 
$6 - 7 draft beer
$6 well liquor","12 - 6pm / 
$6 - 7 draft beer
$6 well liquor","12 - 6pm / 
$6 - 7 draft / wine
$6 well liquor",,,SPORTS WATCHIN',
Thirsty Crow,https://maps.google.com/?cid=9597303374072335169&g_mp=Cidnb29nbGUubWFwcy5wbGFjZXMudjEuUGxhY2VzLlNlYXJjaFRleHQQAhgEIAA,Silverlake / Los Feliz / Atwater & Virgil Village,"2939 Sunset Blvd, Los Angeles, CA 90026, USA","34.0836768,-118.2737436",5 - 8pm,5 - 8pm,5 - 8pm,5 - 8pm,5 - 8pm,2 - 8pm,5 - 8pm,DJ & CONCERT EVENTS,
Verdugo Bar,https://maps.google.com/?cid=3731991830589500632&g_mp=Cidnb29nbGUubWFwcy5wbGFjZXMudjEuUGxhY2VzLlNlYXJjaFRleHQQAhgEIAA,Silverlake / Los Feliz / Atwater & Virgil Village,"3408 Verdugo Rd, Los Angeles, CA 90065, USA","34.1138537,-118.2350672","6 - 8pm /
 $2 off 
selected drafts /
$4 wells","6 - 8pm /
 $2 off 
selected drafts /
$4 wells","6 - 8pm /
 $2 off 
selected drafts /
$4 wells","6 - 8pm /
 $2 off 
selected drafts /
$4 wells","6 - 8pm /
 $2 off 
selected drafts /
$4 wells",,,SPORTS WATCHIN',
Aikan Sushi,https://maps.google.com/?cid=14710805711296827176&g_mp=Cidnb29nbGUubWFwcy5wbGFjZXMudjEuUGxhY2VzLlNlYXJjaFRleHQQAhgEIAA,North Hollywood / Burbank / The Valley,"9034 Tampa Ave, Northridge, CA 91324, USA","34.2336469,-118.5523942","2 - 5pm
$2 beers / $2 sushi","2 - 5pm
$2 beers / $2 sushi","2 - 5pm
$2 beers / $2 sushi","2 - 5pm
$2 beers / $2 sushi",,,,,
Broken Compass,https://maps.google.com/?cid=7744127070519864208&g_mp=Cidnb29nbGUubWFwcy5wbGFjZXMudjEuUGxhY2VzLlNlYXJjaFRleHQQAhgEIAA,North Hollywood / Burbank / The Valley,"2013 W Burbank Blvd, Burbank, CA 91506, USA","34.18069,-118.3331819","2 - 5pm
$9 sliders & apps","2 - 5pm
$9 sliders & apps","2 - 5pm
$9 sliders & apps","2 - 5pm
$9 sliders & apps","2 - 5pm
$9 sliders & apps",,,,
Finney's,https://maps.google.com/?cid=12577374012768123061&g_mp=Cidnb29nbGUubWFwcy5wbGFjZXMudjEuUGxhY2VzLlNlYXJjaFRleHQQAhgEIAA,North Hollywood / Burbank / The Valley,"164 E Palm Ave #102, Burbank, CA 91502, USA","34.181992,-118.3106157","2 - 5pm
$6 beers / $7 wine & wells;
various $6 apps","2 - 5pm
$6 beers / $7 wine & wells;
various $6 apps","2 - 5pm
$6 beers / $7 wine & wells;
various $6 apps","2 - 5pm
$6 beers / $7 wine & wells;
various $6 apps","2 - 5pm
$6 beers / $7 wine & wells;
various $6 apps",,,,
General Admission,https://maps.google.com/?cid=2229121280470119872&g_mp=Cidnb29nbGUubWFwcy5wbGFjZXMudjEuUGxhY2VzLlNlYXJjaFRleHQQAhgEIAA,North Hollywood / Burbank / The Valley,"3311 Cahuenga Blvd W, Los Angeles, CA 90068, USA","34.130329,-118.3503724","4 - 7pm
$6 HUGE draft selection beers / $9 sliders & apps","4 - 7pm
$6 HUGE draft selection beers / $9 sliders & apps","ALL DAY&NIGHT!
$6 HUGE draft selection beers / $9 sliders & apps / Trivia","4 - 7pm
$6 HUGE draft selection beers / $9 sliders & apps","4 - 7pm
$6 HUGE draft selection beers / $9 sliders & apps",,,,N
El Tejano,https://maps.google.com/?cid=1208017632291265376&g_mp=Cidnb29nbGUubWFwcy5wbGFjZXMudjEuUGxhY2VzLlNlYXJjaFRleHQQAhgEIAA,North Hollywood / Burbank / The Valley,"11122 Magnolia Blvd, North Hollywood, CA 91601, USA","34.1646307,-118.3732448","3 - 7pm / 9p- 12a
$10 cocktails; 
$5 select beers & bites","3 - 7pm / 9p- 12a
$10 cocktails; 
$5 select beers & bites","3 - 7pm / 9p- 12a
$10 cocktails; 
$5 select beers & bites","3 - 7pm / 9p- 12a
$10 cocktails; 
$5 select beers & bites","3 - 7pm / 
$10 cocktails; 
$5 select beers & bites","3 - 7pm / 
$10 cocktails; 
$5 select beers & bites","3 - 7pm / 9p- 12a
$10 cocktails; 
$5 select beers & bites",,
Idle Hour,https://maps.google.com/?cid=14718533400971829359&g_mp=Cidnb29nbGUubWFwcy5wbGFjZXMudjEuUGxhY2VzLlNlYXJjaFRleHQQAhgEIAA,North Hollywood / Burbank / The Valley,"4824 Vineland Ave, North Hollywood, CA 91601, USA","34.1583867,-118.3700036","3 - 6pm / 
$7 cocktails; 
$6 bites","3 - 6pm / 
Trivia / 
$7 cocktails; 
$6 bites","3 - 6pm / 
$7 cocktails; 
$6 bites","3 - 6pm / 
$7 cocktails; 
$6 bites","3 - 6pm / 
$7 cocktails; 
$6 bites","1 - 6pm / 
$7 cocktails; 
$6 bites","3 - 6pm / 
$7 cocktails; 
$6 bites",,
Islands,https://maps.google.com/?cid=16970828455929159769&g_mp=Cidnb29nbGUubWFwcy5wbGFjZXMudjEuUGxhY2VzLlNlYXJjaFRleHQQAhgEIAA,North Hollywood / Burbank / The Valley,"6081 Center Dr #104, Los Angeles, CA 90045, USA","33.9777351,-118.3913327","3 - 6:30pm / 
$7 cocktails; 
$6 bites","3 - 6:30pm / 
$7 cocktails; 
$6 bites","3 - 6:30pm / 
$7 cocktails; 
$6 bites","3 - 6:30pm / 
$7 cocktails; 
$6 bites","3 - 6:30pm / 
$7 cocktails; 
$6 bites",,,SPORTS WATCHIN',
Tiki No,https://maps.google.com/?cid=17091092062440598906&g_mp=Cidnb29nbGUubWFwcy5wbGFjZXMudjEuUGxhY2VzLlNlYXJjaFRleHQQAhgEIAA,North Hollywood / Burbank / The Valley,"4657 Lankershim Blvd, North Hollywood, CA 91602, USA","34.1554728,-118.3692617",10pm - 12am,10pm - 12am,10pm - 12am,10pm - 12am,6 - 8pm,6 - 8pm,10pm - 12am,,
Over / Under,https://maps.google.com/?cid=8118545727696673862&g_mp=Cidnb29nbGUubWFwcy5wbGFjZXMudjEuUGxhY2VzLlNlYXJjaFRleHQQAhgEIAA,North Hollywood / Burbank / The Valley,"310 N San Fernando Blvd, Burbank, CA 91502, USA","34.182833,-118.3107612","2 - 6pm
$6 beers / $7 wine & wells;
various $6 apps","2 - 6pm
$6 beers / $7 wine & wells;
various $6 apps","2 - 6pm
$6 beers / $7 wine & wells;
various $6 apps","2 - 6pm
$6 beers / $7 wine & wells;
various $6 apps","2 - 6pm
$6 beers / $7 wine & wells;
various $6 apps",,,,
Anayas,https://maps.google.com/?cid=6402360662841100724&g_mp=Cidnb29nbGUubWFwcy5wbGFjZXMudjEuUGxhY2VzLlNlYXJjaFRleHQQAhgEIAA,Glendale / Pasadena / Eagle Rock / HLP,"4651 W Adams Blvd, Los Angeles, CA 90016, USA","34.0327163,-118.3417754","4 - 6pm / 
$10 margaritas / mojitos; $24 Draft Pitchers; 
appetizer deals","4 - 6pm / 
$10 margaritas / mojitos; $24 Draft Pitchers; 
appetizer deals","4 - 6pm / 
$10 margaritas / mojitos; $24 Draft Pitchers; 
appetizer deals","4 - 6pm / 
$10 margaritas / mojitos; $24 Draft Pitchers; 
appetizer deals","4 - 6pm / 
$10 margaritas / mojitos; $24 Draft Pitchers; 
appetizer deals",N/A,N/A,,
Blind Donkey,https://maps.google.com/?cid=17981481323107226399&g_mp=Cidnb29nbGUubWFwcy5wbGFjZXMudjEuUGxhY2VzLlNlYXJjaFRleHQQAhgEIAA,Glendale / Pasadena / Eagle Rock / HLP,"53 Union St, Pasadena, CA 91103, USA","34.1468816,-118.1492946","5 - 7pm / 
$2 off Well Drinks; $1 off select draft & wine ","5 - 7pm / 
$2 off Well Drinks; $1 off select draft & wine ","5 - 7pm / 
$2 off Well Drinks; $1 off select draft & wine ","5 - 7pm / 
$2 off Well Drinks; $1 off select draft & wine ","5 - 7pm / 
$2 off Well Drinks; $1 off select draft & wine ","1 - 4pm / 
$2 off Well Drinks; $1 off select draft & wine ","1 - 4pm / 
$2 off Well Drinks; $1 off select draft & wine ",SPORTS WATCHIN',
Cervercería Del Pueblo,https://maps.google.com/?cid=11693529559249703090&g_mp=Cidnb29nbGUubWFwcy5wbGFjZXMudjEuUGxhY2VzLlNlYXJjaFRleHQQAhgEIAA,Glendale / Pasadena / Eagle Rock / HLP,"141 W Bellevue Dr #100, Pasadena, CA 91105, USA","34.1385154,-118.1536331",N/A,"4 - 6pm / 
$5 Pints","4 - 6pm / 
$5 Pints","4 - 6pm / 
$5 Pints","4 - 6pm / 
$5 Pints",N/A,N/A,,
California Pizza Kitchen,https://maps.google.com/?cid=14294405371277474875&g_mp=Cidnb29nbGUubWFwcy5wbGFjZXMudjEuUGxhY2VzLlNlYXJjaFRleHQQAhgEIAA,Glendale / Pasadena / Eagle Rock / HLP,"735 South Figueroa Street, 7th St Space 305, Los Angeles, CA 90017, USA","34.0490663,-118.2604624","3 - 5pm / 
Pizza & Beer $6; 1/2 off all Drinks + Starters","3 - 5pm / 
Pizza & Beer $6; 1/2 off all Drinks + Starters","3 - 5pm / 
Pizza & Beer $6; 1/2 off all Drinks + Starters","3 - 5pm / 
Pizza & Beer $6; 1/2 off all Drinks + Starters","3 - 5pm / 
Pizza & Beer $6; 1/2 off all Drinks + Starters",N/A,N/A,,
Craft by Smoke and Fire,https://maps.google.com/?cid=13478363678479127489&g_mp=Cidnb29nbGUubWFwcy5wbGFjZXMudjEuUGxhY2VzLlNlYXJjaFRleHQQAhgEIAA,Glendale / Pasadena / Eagle Rock / HLP,"30 W Green St, Pasadena, CA 91105, USA","34.1443768,-118.1511787","2 - 6pm; 9 - 10pm / Buy One Get One - All Cocktails, Beer & Wine","2 - 6pm; 9 - 10pm / Buy One Get One - All Cocktails, Beer & Wine","2 - 6pm; 9 - 10pm / Buy One Get One - All Cocktails, Beer & Wine","2 - 6pm; 9 - 10pm / Buy One Get One - All Cocktails, Beer & Wine","2 - 6pm; 9p - 12am / Buy One Get One - All Cocktails, Beer & Wine","9p - 12am / 
Buy One Get One - All Cocktails, Beer & Wine","9 - 10pm / 
Buy One Get One - All Cocktails, Beer & Wine",,
Damon's,https://maps.google.com/?cid=6486446881158073048&g_mp=Cidnb29nbGUubWFwcy5wbGFjZXMudjEuUGxhY2VzLlNlYXJjaFRleHQQAhgEIAA,Glendale / Pasadena / Eagle Rock / HLP,"317 N Brand Blvd, Glendale, CA 91203, USA","34.1506218,-118.2554664","3 - 6pm / 
$9-10 Mai Tai; Chi Chi; Rum Dole Whip","3 - 6pm / 
$9-10 Mai Tai; Chi Chi; Rum Dole Whip","3 - 6pm / 
$9-10 Mai Tai; Chi Chi; Rum Dole Whip","3 - 6pm / 
$9-10 Mai Tai; Chi Chi; Rum Dole Whip","3 - 6pm / 
$9-10 Mai Tai; Chi Chi; Rum Dole Whip",,,,
Der Wolf,https://maps.google.com/?cid=14152065006948794215&g_mp=Cidnb29nbGUubWFwcy5wbGFjZXMudjEuUGxhY2VzLlNlYXJjaFRleHQQAhgEIAA,Glendale / Pasadena / Eagle Rock / HLP,"519 S Spring St, Los Angeles, CA 90013, USA","34.0470331,-118.250239","5 - 7pm; 
$5 well drinks; $2 off cocktails, wine and draft beer; select appetizers","5 - 7pm; 
$5 well drinks; $2 off cocktails, wine and draft beer; select appetizers","5 - 7pm; 
$5 well drinks; $2 off cocktails, wine and draft beer; select appetizers","5 - 7pm; 
$5 well drinks; $2 off cocktails, wine and draft beer; select appetizers","2 - 7pm; 
$5 well drinks; $2 off cocktails, wine and draft beer; select appetizers",N/A,N/A,,
Edwin Mills by Equator,https://maps.google.com/?cid=661793131083602333&g_mp=Cidnb29nbGUubWFwcy5wbGFjZXMudjEuUGxhY2VzLlNlYXJjaFRleHQQAhgEIAA,Glendale / Pasadena / Eagle Rock / HLP,"22 Mills Pl, Pasadena, CA 91105, USA","34.1453132,-118.1507825","4pm - Close; 
Half Price All Appetizers & Alcohol","4pm - Close; 
$3 Martinis, Mixed Drinks, Bottled & Can Beers","4pm - Close; 
Half Price All Wine, Bubbly & Sake","4pm - Close; 
$3 Martinis, Mixed Drinks, Bottled & Can Beers","4 - 7pm; 
$3 Martinis, Mixed Drinks, Bottled & Can Beers","11 - 4pm; 
$18 Bottomless Mimosas w/ Brunch","11 - 4pm; 
$18 Bottomless Mimosas w/ Brunch",LIVE MUSIC,
The Fable,https://maps.google.com/?cid=7771199744163170428&g_mp=Cidnb29nbGUubWFwcy5wbGFjZXMudjEuUGxhY2VzLlNlYXJjaFRleHQQAhgEIAA,Glendale / Pasadena / Eagle Rock / HLP,"1630 Colorado Blvd, Los Angeles, CA 90041, USA","34.1392346,-118.2020612",5 - 7pm / $2 off beer; $3 off wine; $7 wells; $9 cocktails,5 - 7pm / $2 off beer; $3 off wine; $7 wells; $9 cocktails,5 - 7pm / $2 off beer; $3 off wine; $7 wells; $9 cocktails,5 - 7pm / $2 off beer; $3 off wine; $7 wells; $9 cocktails,5 - 7pm / $2 off beer; $3 off wine; $7 wells; $9 cocktails,5 - 7pm / $2 off beer; $3 off wine; $7 wells; $9 cocktails,5 - 7pm / $2 off beer; $3 off wine; $7 wells; $9 cocktails,,
Glendale Tap,https://maps.google.com/?cid=11993132573485047549&g_mp=Cidnb29nbGUubWFwcy5wbGFjZXMudjEuUGxhY2VzLlNlYXJjaFRleHQQAhgEIAA,Glendale / Pasadena / Eagle Rock / HLP,"4227 San Fernando Rd, Glendale, CA 91204, USA","34.1305247,-118.2613646",N/A,"6 - 9pm / 
$1 off all draft",N/A,N/A,N/A,"1 - 4pm / 
$1 off all draft ","1 - 4pm / 
$1 off all draft ","POOL TABLE; 
OUTDOOR PATIO w/ TV for SPORTS WATCHIN'",
Kings Row,https://maps.google.com/?cid=15415789068490678018&g_mp=Cidnb29nbGUubWFwcy5wbGFjZXMudjEuUGxhY2VzLlNlYXJjaFRleHQQAhgEIAA,Glendale / Pasadena / Eagle Rock / HLP,"20 E Colorado Blvd Suite 102, Pasadena, CA 91105, USA","34.1455506,-118.1500828","3 - 6pm / 
$7 High Balls / $7 House Wine; $9 Burgers / Nachos ","3 - 6pm / 
$7 High Balls / $7 House Wine; $9 Burgers / Nachos ","3 - 6pm / 
$7 High Balls / $7 House Wine; $9 Burgers / Nachos ","3 - 6pm / 
$7 High Balls / $7 House Wine; $9 Burgers / Nachos ","3 - 6pm / 
$7 High Balls / $7 House Wine; $9 Burgers / Nachos ",N/A,N/A,SPORTS WATCHIN'; Pinball; Outdoor Patio,
Lucky Baldwins,https://maps.google.com/?cid=9898180514319649858&g_mp=Cidnb29nbGUubWFwcy5wbGFjZXMudjEuUGxhY2VzLlNlYXJjaFRleHQQAhgEIAA,Glendale / Pasadena / Eagle Rock / HLP,"17 S Raymond Ave, Pasadena, CA 91105, USA","34.1453862,-118.1490371","4 - 6pm / 
$9 Wings; Select Draft Beer","4 - 6pm / 
$9 Wings; Select Draft Beer","4 - 6pm / 
$9 Wings; Select Draft Beer","4 - 6pm / 
$9 Wings; Select Draft Beer",N/A,N/A,N/A,SPORTS WATCHIN'; Outdoor Patio,
Kabuki,https://maps.google.com/?cid=16732564758900087628&g_mp=Cidnb29nbGUubWFwcy5wbGFjZXMudjEuUGxhY2VzLlNlYXJjaFRleHQQAhgEIAA,Glendale / Pasadena / Eagle Rock / HLP,"6081 Center Dr #203, Los Angeles, CA 90045, USA","33.9785684,-118.3929189","3 - 6pm / 
8:30pm - Close
$4 sushi/rolls; 
$2 hot sake + Sapporo","3 - 6pm / 
8:30pm - Close
$4 sushi/rolls; 
$2 hot sake + Sapporo","3 - 6pm / 
8:30pm - Close
$4 sushi/rolls; 
$2 hot sake + Sapporo","3 - 6pm / 
8:30pm - Close
$4 sushi/rolls; 
$2 hot sake + Sapporo","3 - 6pm / 
$4 sushi/rolls; 
$2 hot sake + Sapporo","2 - 5pm / 
$4 sushi/rolls; $2 hot sake + Sapporo","2 - 5pm; 
8pm - Close /
$4 sushi/rolls; 
$2 hot sake + Sapporo",,
Paperback Brewing,https://maps.google.com/?cid=13777347840249481761&g_mp=Cidnb29nbGUubWFwcy5wbGFjZXMudjEuUGxhY2VzLlNlYXJjaFRleHQQAhgEIAA,Glendale / Pasadena / Eagle Rock / HLP,"422 Magnolia Ave, Glendale, CA 91204, USA","34.1300553,-118.2618884","4 - 6pm / 
$2 off Draft Beer","4 - 6pm / 
$2 off Draft Beer /
Trivia","4 - 6pm / 
$2 off Draft Beer","4 - 6pm / 
$2 off Draft Beer","4 - 6pm / 
$2 off Draft Beer",N/A,N/A,SHUFFLE BOARD; SPORTS WATCHIN',
Rocco's Tavern,https://maps.google.com/?cid=14212776882834514671&g_mp=Cidnb29nbGUubWFwcy5wbGFjZXMudjEuUGxhY2VzLlNlYXJjaFRleHQQAhgEIAA,Glendale / Pasadena / Eagle Rock / HLP,"3843 Main St, Culver City, CA 90232, USA","34.0245466,-118.3946534","12 - 7pm / 
10pm - close 
2 for 1 drinks; after 10pm half off pizza & wings ","12 - 7pm / 
10pm - close 
2 for 1 drinks; after 10pm half off pizza & wings ","12 - 7pm / 
10pm - close 
2 for 1 drinks; after 10pm half off pizza & wings ","12 - 7pm / 
10pm - close 
2 for 1 drinks; after 10pm half off pizza & wings ","12 - 7pm / 
10pm - close 
2 for 1 drinks; after 10pm half off pizza & wings ","3 - 7pm / 
10pm - close 
2 for 1 drinks; after 10pm half off pizza & wings ","3 - 7pm / 
10pm - close 
2 for 1 drinks; after 10pm half off pizza & wings ",SPORTS WATCHIN',Y
Taco/Social,https://maps.google.com/?cid=14095196171563937520&g_mp=Cidnb29nbGUubWFwcy5wbGFjZXMudjEuUGxhY2VzLlNlYXJjaFRleHQQAhgEIAA,Glendale / Pasadena / Eagle Rock / HLP,"1627 Colorado Blvd, Los Angeles, CA 90041, USA","34.1397517,-118.2019927","3 - 6pm / 
$2 off margs / craft cocktails / draft beers / wine","3 - 6pm / 
$2 off margs / craft cocktails / draft beers / wine","3 - 6pm / 
$2 off margs / craft cocktails / draft beers / wine","3 - 6pm / 
$2 off margs / craft cocktails / draft beers / wine","3 - 6pm / 
$2 off margs / craft cocktails / draft beers / wine","3 - 6pm / 
$2 off margs / craft cocktails / draft beers / wine","3 - 6pm / 
$2 off margs / craft cocktails / draft beers / wine",SPORTS WATCHIN';  OUTDOOR PATIO,
Yard House,https://maps.google.com/?cid=2663269652518794639&g_mp=Cidnb29nbGUubWFwcy5wbGFjZXMudjEuUGxhY2VzLlNlYXJjaFRleHQQAhgEIAA,Glendale / Pasadena / Eagle Rock / HLP,"800 W Olympic Blvd A-115, Los Angeles, CA 90015, USA","34.0451045,-118.2656611","3 - 6pm; 10pm - close 
$2 off beer / wine / cocktails; 
Half Off select apps","3 - 6pm; 10pm - close 
$2 off beer / wine / cocktails; 
Half Off select apps","3 - 6pm; 10pm - close 
$2 off beer / wine / cocktails; 
Half Off select apps","3 - 6pm / 
$2 off beer / wine / cocktails; 
Half Off select apps","3 - 6pm / 
$2 off beer / wine / cocktails; 
Half Off select apps","3 - 6pm / 
$2 off beer / wine / cocktails; 
Half Off select apps","3 - 6pm; 10pm - close 
$2 off beer / wine / cocktails; 
Half Off select apps",SPORTS WATCHIN',
Bacari PDR,https://maps.google.com/?cid=8140486655596205459&g_mp=Cidnb29nbGUubWFwcy5wbGFjZXMudjEuUGxhY2VzLlNlYXJjaFRleHQQAhgEIAA,Manhattan / Hermosa / Redondo / Hawthorne,"6805 S Vista Del Mar Ln, Playa Del Rey, CA 90293, USA","33.9586165,-118.4483973","5 - 6pm / 
$2 off cocktails / $2 off select apps","5 - 6pm / 
$2 off cocktails / $2 off select apps","5 - 6pm / 
$2 off cocktails / $2 off select apps","5 - 6pm / 
$2 off cocktails / $2 off select apps","5 - 6pm / 
$2 off cocktails / $2 off select apps",,,,
Baja Sharkeez,https://maps.google.com/?cid=13087095718022164644&g_mp=Cidnb29nbGUubWFwcy5wbGFjZXMudjEuUGxhY2VzLlNlYXJjaFRleHQQAhgEIAA,Manhattan / Hermosa / Redondo / Hawthorne,"3600 Highland Ave, Manhattan Beach, CA 90266, USA","33.9005039,-118.4174333","3 - 7pm / 
2-for-1 draft beers & wells / select apps","3 - 7pm / 
2-for-1 draft beers & wells / select apps","3 - 7pm / 
2-for-1 draft beers & wells / select apps","3 - 7pm / 
2-for-1 draft beers & wells / select apps","3 - 7pm / 
2-for-1 draft beers & wells / select apps",,,SPORTS WATCHIN',
El Segundo Brewing Company,https://maps.google.com/?cid=17986701665061556232&g_mp=Cidnb29nbGUubWFwcy5wbGFjZXMudjEuUGxhY2VzLlNlYXJjaFRleHQQAhgEIAA,Manhattan / Hermosa / Redondo / Hawthorne,"140 Main St, El Segundo, CA 90245, USA","33.9177021,-118.4156536",,,,,,,,SPORTS WATCHIN';  OUTDOOR PATIO,
Ercole's MB,https://maps.google.com/?cid=17971283894283162200&g_mp=Cidnb29nbGUubWFwcy5wbGFjZXMudjEuUGxhY2VzLlNlYXJjaFRleHQQAhgEIAA,Manhattan / Hermosa / Redondo / Hawthorne,"1101 Manhattan Ave, Manhattan Beach, CA 90266, USA","33.8840903,-118.4106565","10:0am - 6pm / 
beers & wells","10:0am - 6pm / 
beers & wells","10:0am - 6pm / 
beers & wells","10:0am - 6pm / 
beers & wells","10:0am - 6pm / 
beers & wells",,,BILLIARDS; SPORTS WATCHIN',
Pitcher House Upper Deck,https://maps.google.com/?cid=6918868326894509848&g_mp=Cidnb29nbGUubWFwcy5wbGFjZXMudjEuUGxhY2VzLlNlYXJjaFRleHQQAhgEIAA,Manhattan / Hermosa / Redondo / Hawthorne,"409 N Pacific Coast Hwy #200, Redondo Beach, CA 90277, USA","33.8478751,-118.3896567","3 - 7pm / 
$7 drinks and food","3 - 7pm / 
$7 drinks and food","3 - 7pm / 
$7 drinks and food","3 - 7pm / 
$7 drinks and food","3 - 7pm / 
$7 drinks and food",,,,
Shellback Tavern,https://maps.google.com/?cid=11687651119090857324&g_mp=Cidnb29nbGUubWFwcy5wbGFjZXMudjEuUGxhY2VzLlNlYXJjaFRleHQQAhgEIAA,Manhattan / Hermosa / Redondo / Hawthorne,"116 Manhattan Beach Blvd, Manhattan Beach, CA 90266, USA","33.8843352,-118.4111843","11:30am - 7pm / 
beers & wells","11:30am - 7pm / 
beers & wells","11:30am - 7pm / 
beers & wells","11:30am - 7pm / 
beers & wells","11:30am - 7pm / 
beers & wells",,,,
Standard Station,https://maps.google.com/?cid=13897839349186580010&g_mp=Cidnb29nbGUubWFwcy5wbGFjZXMudjEuUGxhY2VzLlNlYXJjaFRleHQQAhgEIAA,Manhattan / Hermosa / Redondo / Hawthorne,"226 Standard St, El Segundo, CA 90245, USA","33.9185724,-118.4145304","3 - 6pm / 
$7 drinks and food","3 - 6pm  / $7 drinks and food
TT $3 tacos and $20 marg pitchers","3 - 6pm / 
$7 drinks and food","3 - 6pm / 
$7 drinks and food","3 - 6pm / 
$7 drinks and food",,,SPORTS WATCHIN',